id,title,icon,type,imgURL,thumbnailURL,description,co2e,diff,diagramHeader,achievableLater,notAchievable,transitionTarget,transitionTargetDescription,transitionTargetSummary,modelType,status,transitionElement,diagramDescription,sector,showIndicatorChart,transitionLabel,transitionUnit,carbonAbatement,emissions,outcome,target,subsector,groupColour,hideDiagrams
13c15a97-b952-4782-828e-8a85c8d39ab4,Produktion med vätgas,https://climateview-assets.azureedge.net/transition-element-assets/icons/production_using_hydrogen.svg,5,,,,4.913,0,Möjlig utsläppsminskning,False,False,28.0,"<p>Den största källan till klimatutsläpp från järn- och stålindustrin är kopplade till reduktion av järnmalm med kol. Med en så kallad direktreduktion skulle emellertid vätgas kunna användas för att skilja järnet från syret, utan att använda kol. Slutprodukten blir då järn och vatten istället för järn och koldioxid.</p>",,custom,5,production_using_hydrogen,Andel stål som produceras med vätgasprocess,industry,True,,"Andel vätgasprocess, %","{""2010"": 0, ""2020"": 0, ""2021"": 0, ""2024"": 0, ""2025"": 3, ""2029"": 3, ""2030"": 4.616, ""2045"": 4.913}","{""2020"": 4.616, ""2021"": 4.913}","{""2010"": 0, ""2011"": 0, ""2012"": 0, ""2013"": 0, ""2014"": 0, ""2015"": 0, ""2016"": 0, ""2017"": 0, ""2018"": 0, ""2019"": 0}","{""2010"": 0, ""2024"": 0, ""2025"": 65, ""2029"": 65, ""2030"": 100, ""2045"": 100}",,,
7628b744-d658-4ca8-91ce-6f105d81dd45,Biokol för stålproduktion,/assets/images/transition-elements-icons/biofuels_replacing_coal.svg,5,,,,0.578,0,Möjlig utsläppsminskning,False,False,27.0,"<p>Biokol kan användas för reduktion av järnmalm vid järnsvampstillverkning. Naturgas och gasol till bränsleeldade ugnar kan bytas mot biogas. I det här fallet har en gemensam omställning gjorts för båda dessa, eftersom det ännu saknas data för att följa upp båda var och en för sig.</p><br><p>Potentialbedömningen kommer från rapporten: Vägval för klimatet, Delrapport 1, IVA 2019. Tillgången till biokol kan utgöra ett hinder för denna omställning, särskilt i kombination med att andra omställningar också behöver biomassa.</p>",,custom,5,biofuels_replacing_coal,Biobränsle för stålproduktion,industry,True,,"Andel biobränsle, %","{""2010"": 0, ""2020"": 0, ""2021"": 0, ""2045"": 0.578}","{""2020"": 0.543, ""2021"": 0.578}","{""2010"": 0, ""2011"": 0, ""2012"": 0, ""2013"": 0, ""2014"": 0, ""2015"": 0, ""2016"": 0, ""2017"": 0, ""2018"": 0, ""2019"": 0, ""2020"": 0}","{""2010"": 0, ""2011"": 0.158707636, ""2012"": 0.189562406, ""2013"": 0.226415733, ""2014"": 0.270433812, ""2015"": 0.323009563, ""2016"": 0.385806703, ""2017"": 0.460812401, ""2018"": 0.550400154, ""2019"": 0.657404899, ""2020"": 0.785212718, ""2021"": 0.937867992, ""2022"": 1.12020138, ""2023"": 1.337982683, ""2024"": 1.598103422, ""2025"": 1.908794921, ""2026"": 2.279888772, ""2027"": 2.723127957, ""2028"": 3.25253844, ""2029"": 3.88487301, ""2030"": 4.640141411, ""2031"": 5.542243533, ""2032"": 6.619725705, ""2033"": 7.906684026, ""2034"": 9.443843307, ""2035"": 11.27984577, ""2036"": 13.47279032, ""2037"": 16.09207099, ""2038"": 19.22057293, ""2039"": 22.95729517, ""2040"": 27.42048343, ""2041"": 32.75137188, ""2042"": 39.11865241, ""2043"": 46.72381273, ""2044"": 55.8075123, ""2045"": 66.65719786}",iron_and_steel,,
ab98a4aa-a42c-4375-a758-625e714c84aa,Elektrifiering av produktion,/assets/images/transition-elements-icons/electrification_of_production_in_iron_and_steel_industry.svg,5,,,,0.289,0,Möjlig utsläppsminskning,False,False,26.0,"<p>Elektrifiering innebär att ugnar som värms med fossila bränslen ersätts av elektriska ugnar.</p><br><p>Potentialbedömningen kommer från rapporten: Vägval för klimatet, Delrapport 1, IVA 2019</p>",,custom,5,electrification_of_production_in_iron_and_steel_industry,Andel elektrifiering,industry,True,,"Andel elektrifiering, %","{""2010"": 0, ""2020"": 0, ""2021"": 0, ""2045"": 0.289}","{""2020"": 0.272, ""2021"": 0.289}","{""2010"": 0, ""2011"": 0, ""2012"": 0, ""2013"": 0, ""2014"": 0, ""2015"": 0, ""2016"": 0, ""2017"": 0, ""2018"": 0}","{""2010"": 0, ""2011"": 0.95, ""2012"": 1.9, ""2013"": 2.86, ""2014"": 3.81, ""2015"": 4.76, ""2016"": 5.71, ""2017"": 6.67, ""2018"": 7.62, ""2019"": 8.57, ""2020"": 9.52, ""2021"": 10.48, ""2022"": 11.43, ""2023"": 12.38, ""2024"": 13.33, ""2025"": 14.29, ""2026"": 15.24, ""2027"": 16.19, ""2028"": 17.14, ""2029"": 18.1, ""2030"": 19.05, ""2031"": 20, ""2032"": 20.95, ""2033"": 21.9, ""2034"": 22.86, ""2035"": 23.81, ""2036"": 24.76, ""2037"": 25.71, ""2038"": 26.67, ""2039"": 27.62, ""2040"": 28.57, ""2041"": 29.52, ""2042"": 30.48, ""2043"": 31.43, ""2044"": 32.38, ""2045"": 33.33}",iron_and_steel,,
74b2ef47-21b4-48e5-aeda-b3faf2c880e7,CCS: koldioxidfångare,https://climateview-assets.azureedge.net/transition-element-assets/icons/ccs_for_cement_and_concrete_industry.svg,5,,,,1.646,0,Möjlig utsläppsminskning,False,False,32.0,"<p>Carbon Capture and Storage (CCS) är en teknik där koldioxid från större punktutsläpp, såsom i kolkraftverk, gaskraftverk, stålverk och cementindustrier, avskiljs från rökgaser och lagras i geologiska formationer djupt under markytan eller havsbottnen. En utmaning i nuläget är att få till den infrastruktur som krävs för att kunna transportera och lagra koldioxiden på ett bra sätt. Potentialbedömningen kommer från rapporten: Färdplan cement, för ett klimatneutralt betongbyggande och Cementas nollvision för koldioxid. Cementa har själva angett att de kan ha uppåt 1,8 miljoner ton insamlad koldioxid år 2030 och på sikt bidra med negativa utsläpp.</p>",,custom,5,ccs_for_cement_and_concrete_industry,Mängd insamlad och lagrad koldioxid,industry,True,,"Mängd insamlad koldioxid, kton","{""2010"": 0, ""2020"": 0, ""2021"": 0, ""2029"": 0, ""2030"": 1.646, ""2045"": 1.646}","{""2020"": 1.052, ""2021"": 1.646}","{""2010"": 0, ""2011"": 0, ""2012"": 0, ""2013"": 0, ""2014"": 0, ""2015"": 0, ""2016"": 0, ""2017"": 0, ""2018"": 0, ""2019"": 0}","{""2010"": 0, ""2011"": 0, ""2012"": 0, ""2013"": 0, ""2014"": 0, ""2015"": 0, ""2016"": 0, ""2017"": 0, ""2018"": 0, ""2019"": 0, ""2020"": 0, ""2021"": 0, ""2029"": 0, ""2030"": 1.646, ""2045"": 1.646}",cement_and_concrete,,
00512529-cd61-4982-b096-7c1cde6ebe65,Elektrifiering av produktion,https://climateview-assets.azureedge.net/transition-element-assets/icons/electrification_of_production_in_cement_and_concrete_industry.svg,5,,,,0.408,0,Möjlig utsläppsminskning,False,False,31.0,"<p>Tekniken innebär att man ersätter termiska processer med elektrifierade processer. I projektet CemZero har Cementa har tillsammans med Vattenfall undersökt möjligheten att elektrifiera cementindustrins processer. Åtgärden skulle kunna ta bort en tredjedel av utsläppen. Samma utsläppsminskning kan även uppnås med hjälp av biobränslen. Som en förenkling antas här att hälften av utsläppsminskningen realiseras med elektrifiering och hälften med byte till biobränslen.</p><br><p>Potentialbedömningen kommer från rapporten: Färdplan cement, för ett klimatneutralt betongbyggande.</p>",,custom,5,electrification_of_production_in_cement_and_concrete_industry,Andel elektrifierade processer,industry,True,,Andel elektrifierade processer,"{""2010"": 0, ""2020"": 0, ""2021"": 0, ""2031"": 0.408, ""2045"": 0.408}","{""2020"": 0.831, ""2021"": 0.408}","{""2010"": 0, ""2011"": 0, ""2012"": 0, ""2013"": 0, ""2014"": 0, ""2015"": 0, ""2016"": 0, ""2017"": 0, ""2018"": 0, ""2019"": 0, ""2020"": 0}","{""2010"": 0, ""2011"": 0, ""2012"": 0, ""2013"": 0, ""2014"": 0, ""2015"": 0, ""2016"": 0, ""2017"": 0, ""2018"": 0, ""2019"": 0, ""2020"": 0, ""2021"": 0, ""2022"": 0, ""2023"": 0, ""2024"": 0, ""2025"": 0, ""2031"": 50, ""2045"": 50}",cement_and_concrete,,
0328c7f3-a938-42c4-a62c-b238180ddd27,Fossilfri vätgasproduktion,/assets/images/transition-elements-icons/renewable_hydrogen.svg,5,,,,0.282,0,Möjlig utsläppsminskning,False,False,33.0,"Vätgas är en viktig komponent i raffinering och behövs i än högre grad vid raffinering av vissa förnybara råvaror. Idag produceras vätgas från naturgas, något som är en starkt bidragande orsak till utsläppen från raffinaderier. Vätgasen kan dock produceras på alternativa sätt, exempelvis genom elektrolys med förnybar el som insatsenergi. Det minskar utsläppen med drygt 10 kilo koldioxid per varje kilo producerad vätgas.

Preem har planerat att bygga en elektrolysanläggning som skulle kunna producera omkring 30 000 ton vätgas varje år, vilket motsvarar 300 000 ton minskade koldioxidutsläpp.",,custom,5,renewable_hydrogen,Förnybar vätgasproduktion,industry,True,,"Förnybar vätgasproduktion, ton/år","{""2010"": 0, ""2020"": 0, ""2021"": 0, ""2045"": 0.282}","{""2020"": 0.222, ""2021"": 0.282}","{""2010"": 0, ""2011"": 0, ""2012"": 0, ""2013"": 0, ""2014"": 0, ""2015"": 0, ""2016"": 0, ""2017"": 0, ""2018"": 0, ""2019"": 0, ""2020"": 0, ""2021"": 0}","{""2020"": 0, ""2021"": 1082, ""2022"": 2164, ""2023"": 3246, ""2024"": 4328, ""2025"": 5410, ""2026"": 6492, ""2027"": 7574, ""2028"": 8656, ""2029"": 9738, ""2030"": 10820, ""2031"": 11902, ""2032"": 12984, ""2033"": 14066, ""2034"": 15148, ""2035"": 16230, ""2036"": 17311, ""2037"": 18393, ""2038"": 19475, ""2039"": 20557, ""2040"": 21639, ""2041"": 22721, ""2042"": 23803, ""2043"": 24885, ""2044"": 25967, ""2045"": 27049}",refineries,,
8b301e8b-5b22-4124-97d6-e7d95b6f741e,Förnybara råvaror,https://climateview-assets.azureedge.net/transition-element-assets/icons/renewable_raw_materials_for_refineries.svg,5,,,,1.336,0,Möjlig utsläppsminskning,False,False,34.0,"<p>Tekniken innebär att man ersätter fossil råolja med förnybara restprodukter från skogen, lantbruket och andra industrier.</p><br><p>Potentialbedömningen kommer från Preems hållbarhetsredovisning. Tillgången till biomassa kan utgöra ett hinder för denna omställning, särskilt i kombination med att andra omställningar också behöver biomassa.</p>",,custom,5,renewable_raw_materials_for_refineries,Andel förnybara råvaror,industry,True,,Andel förnybara råvaror (%),"{""2010"": 0, ""2020"": 0, ""2021"": 0, ""2045"": 1.336}","{""2020"": 1.4, ""2021"": 1.336}","{""2016"": 0.83, ""2017"": 0.93, ""2018"": 0.92, ""2019"": 1.04, ""2020"": 1.37, ""2021"": 1.89, ""2022"": 1.83}","{""2010"": 0, ""2016"": 1, ""2020"": 2, ""2024"": 6, ""2025"": 10, ""2030"": 20, ""2045"": 100}",refineries,,
6c4a90bb-687a-423b-a9ab-b9931f58d5ef,Förnybara råvaror,/assets/images/transition-elements-icons/renewable_raw_materials_for_chemical_industry.svg,5,,,,0.417,0,Möjlig utsläppsminskning,False,False,36.0,"<p>Genom att använda biobaserade råvaror i produktionsprocessen kan kemiindustrin bidra till en utvecklad bioekonomi och en större andel biobaserade material och produkter. Biobaserad råvara kan till exempel komma från rapsolja, halm, flis, alger, sockerrör samt avfall från skogsindustri och jordbruk. Potentialbedömningen kommer från rapporten: Vägval för klimatet, Delrapport 1, IVA 2019. Tillgången till biomassa kan utgöra ett hinder för denna omställning, särskilt i kombination med att andra omställningar också behöver biomassa.</p>",,custom,5,renewable_raw_materials_for_chemical_industry,Andel förnybar råvara,industry,True,,"Andel förnybar råvara, %","{""2010"": 0, ""2020"": 0, ""2021"": 0, ""2045"": 0.417}","{""2020"": 0.295, ""2021"": 0.417}",{},"{""2010"": 0, ""2045"": 100}",chemical,,
e824f69d-f682-490b-8155-1dce864ddc11,Ökad plaståtervinning,/assets/images/transition-elements-icons/increased_use_of_recycled_plastics.svg,5,,,,0.278,0,Möjlig utsläppsminskning,False,False,37.0,"<p>Genom resurseffektiva och cirkulära materialflöden kan ett slutet kretslopp för plast skapas. Därigenom kan samma fossila råvara användas gång på gång och behovet av ny fossil råvara minska. Över tid förutses även en ökad andel biobaserad plast bli en del av kretsloppet. Den mekaniska återvinning som tillämpas i nuläget förväntas att öka och med införandet av kemisk återvinning i så kallade returraffinaderier kan även den plast som inte lämpar sig för mekanisk återvinning tas om hand och upparbetas till ny råvara. Potentialen för utsläppsminskning är baserad på att plaståtervinning ersätter jungfrulig primär plastproduktion.</p><br><p>Potentialbedömningen kommer från rapporten: Vägval för klimatet, Delrapport 1, IVA 2019.</p>",,custom,5,increased_use_of_recycled_plastics,Ökad plaståtervinning,industry,True,,"Mängd återvunnen plast, ton","{""2010"": 0, ""2020"": 0, ""2021"": 0, ""2045"": 0.278}","{""2020"": 0.196, ""2021"": 0.278}","{""2010"": 45300, ""2012"": 96700, ""2014"": 81100, ""2016"": 83600, ""2018"": 50900, ""2020"": 46400}","{""2010"": 45300, ""2045"": 325000}",chemical,,
d04e12da-5f81-4013-b68a-a0c65718c05d,CCS/CCU: Koldioxidfångare,https://climateview-assets.azureedge.net/transition-element-assets/icons/ccs_ccu_for_chemical_industry.svg,5,,,,0.695,0,Möjlig utsläppsminskning,False,False,38.0,"<p>Carbon Capture and Storage (CCS) är en teknik där koldioxid från större punktutsläpp, såsom i kolkraftverk, gaskraftverk, stålverk och cementindustrier, avskiljs från rökgaser och lagras i geologiska formationer djupt under markytan eller havsbottnen. En utmaning i nuläget är att få till den infrastruktur som krävs för att kunna transportera och lagra koldioxiden på ett bra sätt.</p><br><p>Genom Carbon Capture and Usage (CCU) kan koldioxid återvinnas och användas som råvara vid produktion istället för att släppas ut. Beroende på hur långlivad produkten som koldioxiden används i kan detta bidra med bestående utsläppsminskning.</p><br><p>Potentialbedömningen kommer från rapporten: Vägval för klimatet, Delrapport 1, IVA 2019.</p>",,custom,5,ccs_ccu_for_chemical_industry,Mängd insamlad och lagrad koldioxid,industry,True,,"Andel insamlad koldioxid, %","{""2010"": 0, ""2020"": 0, ""2021"": 0, ""2024"": 0, ""2025"": 0.695, ""2045"": 0.695}","{""2020"": 0.491, ""2021"": 0.695}","{""2010"": 0, ""2011"": 0, ""2012"": 0, ""2013"": 0, ""2014"": 0, ""2015"": 0, ""2016"": 0, ""2017"": 0, ""2018"": 0, ""2019"": 0, ""2020"": 0, ""2021"": 0, ""2022"": 0}","{""2010"": 0, ""2011"": 0, ""2012"": 0, ""2013"": 0, ""2014"": 0, ""2015"": 0, ""2016"": 0, ""2017"": 0, ""2018"": 0, ""2019"": 0, ""2020"": 0, ""2021"": 0, ""2022"": 0, ""2023"": 0, ""2024"": 0, ""2025"": 50, ""2045"": 50}",chemical,,
f5f3705a-2bad-40fa-ae76-4ca172fedef5,Biobränsle för pappers och massaindustri,/assets/images/transition-elements-icons/biofuels_for_paper_and_pulp_industry.svg,5,,,,0.729,0,Möjlig utsläppsminskning,False,False,39.0,"<p>Inom massa- och pappersindustrin används eldningsolja, naturgas och propan. Eldningsoljan används framförallt i mesaugnarna och skulle kunna bytas ut mot pellets eller fasta biobränslen. Biogas skulle kunna ersätta naturgas och propan.<br><br>Potentialbedömningen kommer från rapporten: Färdplan IVA del 1 samt Skogsindustrierna.</p>",,custom,5,biofuels_for_paper_and_pulp_industry,Andel biobränsle,industry,True,,Andel biobränsle,"{""2010"": 0, ""2020"": 0, ""2021"": 0, ""2045"": 0.729}","{""2020"": 0.696, ""2021"": 0.729}","{""2010"": 91.99, ""2011"": 93.1, ""2012"": 93.45, ""2013"": 94.43, ""2014"": 95.79, ""2015"": 96.09, ""2016"": 95.84, ""2017"": 95.25, ""2018"": 94.88, ""2019"": 96.7, ""2020"": 96.03}","{""2010"": 91.99, ""2045"": 100}",paper_and_pulp,,
924d768d-8447-41cf-a28d-dac49bc23946,Elektrifiering av produktion,/assets/images/transition-elements-icons/electrification_of_production_in_paper_and_pulp_industry.svg,5,,,,0.109,0,Möjlig utsläppsminskning,False,False,40.0,"Elektrifiering innebär att de fossila bränslena byts mot fossilfri eldrift. Skogsindustrin använder redan idag mycket el och cirka 40 procent av den el, motsvarande 5–6 TWh, som används i processerna genereras inom industrin och är fossilfri. Det är möjligt att elektrifiera processerna ytterligare.

Potentialbedömningen kommer från rapporten: Färdplan IVA del 1 samt Skogsindustrierna.",,custom,5,electrification_of_production_in_paper_and_pulp_industry,Andel elanvändning,industry,True,,"Andel el, %","{""2010"": 0, ""2020"": 0, ""2021"": 0, ""2045"": 0.109}","{""2020"": 0.104, ""2021"": 0.109}","{""2010"": 30.16, ""2011"": 30.26, ""2012"": 30.12, ""2013"": 29.02, ""2014"": 28.02, ""2015"": 27.71, ""2016"": 27.48, ""2017"": 27.78, ""2018"": 27.56, ""2019"": 26.76, ""2020"": 25.81}","{""2010"": 30.16, ""2011"": 30.18, ""2012"": 30.19, ""2013"": 30.2, ""2014"": 30.21, ""2015"": 30.22, ""2016"": 30.23, ""2017"": 30.24, ""2018"": 30.26, ""2019"": 30.27, ""2020"": 30.28, ""2021"": 30.29, ""2022"": 30.3, ""2023"": 30.31, ""2024"": 30.32, ""2025"": 30.34, ""2026"": 30.35, ""2027"": 30.36, ""2028"": 30.37, ""2029"": 30.38, ""2030"": 30.39, ""2031"": 30.4, ""2032"": 30.42, ""2033"": 30.43, ""2034"": 30.44, ""2035"": 30.45, ""2036"": 30.46, ""2037"": 30.47, ""2038"": 30.48, ""2039"": 30.49, ""2040"": 30.51, ""2041"": 30.52, ""2042"": 30.53, ""2043"": 30.54, ""2044"": 30.55, ""2045"": 30.56}",paper_and_pulp,,
4fd1bae4-5cca-4c29-a31d-f399fb99ba05,Biobränsle för metallindustrin,/assets/images/transition-elements-icons/biofuels_for_metal_industry.svg,5,,,,0.102,0,Möjlig utsläppsminskning,False,False,41.0,"<p>Lösningen innebär att metallindustrin ersätter fossila bränslen med biobränslen.</p><br><p>Potentialbedömningen kommer från rapporten: Vägval för klimatet, Delrapport 1, IVA 2019. Tillgången till biobränslen kan utgöra ett hinder för denna omställning, särskilt i kombination med att andra omställningar också behöver biobränslen.</p>",,custom,5,biofuels_for_metal_industry,Andel biobränsle,industry,True,,"Andel biobränsle, %","{""2010"": 0, ""2020"": 0, ""2021"": 0, ""2045"": 0.102}","{""2020"": 0.1, ""2021"": 0.102}","{""2010"": 1.56, ""2011"": 1.75, ""2012"": 2.69, ""2013"": 2.94, ""2014"": 3.59, ""2015"": 7.9, ""2016"": 7.24, ""2017"": 2.95, ""2018"": 7.04, ""2019"": 5.06, ""2020"": 12.14}","{""2010"": 0.13, ""2011"": 2.98, ""2012"": 5.83, ""2013"": 8.69, ""2014"": 11.54, ""2015"": 14.39, ""2016"": 17.25, ""2017"": 20.1, ""2018"": 22.95, ""2019"": 25.81, ""2020"": 28.66, ""2021"": 31.51, ""2022"": 34.37, ""2023"": 37.22, ""2024"": 40.08, ""2025"": 42.93, ""2026"": 45.78, ""2027"": 48.64, ""2028"": 51.49, ""2029"": 54.34, ""2030"": 57.2, ""2031"": 60.05, ""2032"": 62.9, ""2033"": 65.76, ""2034"": 68.61, ""2035"": 71.46, ""2036"": 74.32, ""2037"": 77.17, ""2038"": 80.03, ""2039"": 82.88, ""2040"": 85.73, ""2041"": 88.59, ""2042"": 91.44, ""2043"": 94.29, ""2044"": 97.15, ""2045"": 100}",metals,,
24d0ebb5-d3cc-4822-a447-315cf5162495,Inerta anoder,/assets/images/transition-elements-icons/inert_anodes.svg,5,,,,0.187,0,Möjlig utsläppsminskning,False,False,42.0,"<p>Idag används en kolstång som anod vid elektrolysen i aluminiumprocessen. Kolstången släpper vid reaktionen med aluminium ifrån sig koldioxid. Med inerta anoder slipper man denna reaktion och det enda som avges är syre. Kolanoder minskar dessutom i omfång under processen och måste ersättas, vilket inerta anoder inte gör. Att ersätta anoderna mot inerta anoder ger enbart en tillfälligt ökad engångskostnad när dessa ersätts. Potentialbedömningen är baserad på uppgifter som framgår av Energimyndighetens rapport Industrin - nuläge och förutsättningar för omställning.</p>",,custom,5,inert_anodes,Andel primär aluminiumproduktion med inerta anoder,industry,True,,"Andel inerta anoder, %","{""2010"": 0, ""2020"": 0, ""2021"": 0, ""2045"": 0.187}","{""2020"": 0.184, ""2021"": 0.187}","{""2010"": 0, ""2011"": 0, ""2012"": 0, ""2013"": 0, ""2014"": 0, ""2015"": 0, ""2016"": 0, ""2017"": 0, ""2018"": 0, ""2019"": 0, ""2020"": 0, ""2021"": 0, ""2022"": 0}","{""2010"": 0, ""2045"": 100}",metals,,
7116d4de-994d-4a5f-bf9d-82a25a36ecb2,Ökad återvinning,/assets/images/transition-elements-icons/increased_use_of_recycled_metal.svg,5,,,,0.156,0,Möjlig utsläppsminskning,False,False,43.0,"<p>Metaller är 100 procent återvinningsbara och det finns en fungerande marknad för metallskrot, elektronikskrot och bilbatterier. </p><br><p>Aluminium lämpar sig väl för återvinning. Vid återvinning sparas upp till 95 procent av den energianvändningen som går åt vid primärframställning. Återvinningsgraden är hög, i genomsnitt 73 procent. För fordon ligger återvinningsgraden på hela 95 procent och med väl utbyggt återvinningssystem räknar man med att komma upp i 90 procent som ett genomsnitt.</p><br><p>Potentialbedömningen kommer från: Sektorsunderlag industri. Ett underlag till Färdplan 2050.</p>",,custom,5,increased_use_of_recycled_metal,Andel återvinning,industry,True,,"Andel återvinning, %","{""2010"": 0, ""2020"": 0, ""2021"": 0, ""2045"": 0.156}","{""2020"": 0.153, ""2021"": 0.156}","{""2010"": 67.5, ""2012"": 67.5, ""2013"": 71.4, ""2014"": 70.6, ""2015"": 70.7, ""2016"": 78.9, ""2017"": 83.9, ""2018"": 83.9, ""2019"": 79, ""2020"": 81.1, ""2021"": 85.1}","{""2010"": 67.5, ""2020"": 76.8, ""2045"": 100}",metals,,
18d939a9-dd4f-48f9-b2f4-b5f81be5bf5b,Biobränsle för övriga industrier,/assets/images/transition-elements-icons/biofuels_for_other_industry.svg,5,,,,0.99,0,Möjlig utsläppsminskning,False,False,44.0,"<p>För att minska utsläppen krävs främst att de fossila bränslen som förbränns inom industrin idag byts mot fossilfria bränslen eller el.</p><br><p>Potentialbedömningen kommer från rapporten: Vägval för klimatet, Delrapport 1, IVA 2019. Tillgången till biobränslen kan utgöra ett hinder för denna omställning, särskilt i kombination med att andra omställningar också behöver biobränslen.</p>",,custom,5,biofuels_for_other_industry,Andel biobränsle,industry,True,,"Andel biobränsle, %","{""2010"": 0, ""2020"": 0, ""2021"": 0, ""2045"": 0.99}","{""2020"": 1.026, ""2021"": 0.99}","{""2010"": 51.35553834, ""2011"": 50.49756745, ""2012"": 51.57555049, ""2013"": 57.67872904, ""2014"": 52.38095238, ""2015"": 64.81987578, ""2016"": 49.73061382, ""2017"": 52.1310602, ""2018"": 60.25304913, ""2019"": 63.17049287, ""2020"": 67.66}","{""2010"": 51.35553834, ""2045"": 100}",industry_other,,
2bc6c9c3-6a2e-4b51-b25a-95cb4a49be4b,Elektrifiering,/assets/images/transition-elements-icons/electrification_of_other_industries.svg,5,,,,0.425,0,Möjlig utsläppsminskning,False,False,45.0,"För att minska utsläppen krävs främst att de fossila bränslen som förbränns inom industrin idag byts mot fossilfria bränslen eller el.

Potentialbedömningen kommer från rapporten: Vägval för klimatet,  Delrapport 1,  IVA 2019.",,custom,5,electrification_of_other_industries,Andel elektrifiering,industry,True,,"Andel el, %","{""2010"": 0, ""2020"": 0, ""2021"": 0, ""2045"": 0.425}","{""2020"": 0.44, ""2021"": 0.425}","{""2010"": 56.23812294, ""2011"": 59.57910313, ""2012"": 56.0018885, ""2013"": 58.1056855, ""2014"": 55.70502042, ""2015"": 61.64797436, ""2016"": 52.73635756, ""2017"": 50.64866892, ""2018"": 56.48848616, ""2019"": 58.71254661, ""2020"": 59.48}","{""2010"": 56.23812294, ""2045"": 70.83}",industry_other,,
e28221c7-ec78-46ee-a85f-21009630f6f4,Fodertillsatser,/assets/images/transition-elements-icons/food_additives.svg,5,,,,0.885,0,Möjlig utsläppsminskning,False,False,53.0,<p>Genom fodertillsatser som hämmar att enzymer bryts ned till metan i idisslares magar kan utsläppen av metan minska. Det holländska bolaget Royal DSM har utvecklat en tillsats som bedöms kunna minska utsläppen med 27-40 procent.</p>,,custom,5,food_additives,Fodertillsatser,agriculture,True,,"Andel fodertillsatser, %","{""2010"": 0, ""2020"": 0, ""2021"": 0, ""2045"": 0.885}","{""2020"": 0.881, ""2021"": 0.885}","{""2010"": 0, ""2011"": 0, ""2012"": 0, ""2013"": 0, ""2014"": 0, ""2015"": 0, ""2016"": 0, ""2017"": 0, ""2018"": 0, ""2019"": 0, ""2020"": 0}","{""2010"": 0, ""2020"": 0, ""2045"": 100}",animal_digestion,,
ed2b3c8c-f81d-491a-be41-1f653735acae,Förändrad produktion,/assets/images/transition-elements-icons/changed_production.svg,5,,,,0.442,0,Möjlig utsläppsminskning,False,False,52.0,Genom en förändring i vad som produceras kan klimatpåverkan minska jämfört med nuvarande produktionsnivåer. Exempelvis kan produktion av nötkött begränsas och ersättas med produktion av jordbruksprodukter med mindre klimatpåverkan.,,custom,5,changed_production,,agriculture,True,,,"{""2010"": 0, ""2020"": 0, ""2021"": 0, ""2045"": 0.442}","{""2020"": 0.441, ""2021"": 0.442}",{},{},animal_digestion,,
592a6cf2-433a-42bd-bb5a-731da1a09fae,Ökad resurseffektivitet,/assets/images/transition-elements-icons/increased_resource_efficiency.svg,5,,,,0.295,0,Möjlig utsläppsminskning,False,False,50.0,"<p>Ökad resurseffektivitet på animaliesidan gör att nuvarande produktionsnivåer produceras med lägre klimatpåverkan än tidigare. Ett exempel på ökad resurseffektivitet är åtgärder för ökad djurhälsa, ett annat är avel, då det finns skillnader mellan djurindivider i hur mycket metan de ger upphov till. Dessutom kan insatser göras för en effektivare foderstat, tex i förhållandet mellan grovfoder och kraftfoder. Även att kombinera produktion av mjölk och kött har potential att minska utsläppen.</p>",,custom,5,increased_resource_efficiency,,agriculture,True,,,"{""2010"": 0, ""2020"": 0, ""2021"": 0, ""2045"": 0.295}","{""2020"": 0.294, ""2021"": 0.295}",{},{},animal_digestion,,
9630e410-8271-4412-8121-5a4d5e85455c,Täckning av gödselbrunnar,/assets/images/transition-elements-icons/reduce_evaporation_of_liquid_fertiliser.svg,5,,,,0.177,0,Möjlig utsläppsminskning,False,False,55.0,<p>Genom täckning av gödselbrunnar vid lagring av gödsel kan utsläppen begränsas. I Sverige lagras den största andelen stallgödsel som flytgödsel. I flytgödselbehållare uppstår en syrefri miljö där metan kan bildas. Från lagrad fastgödsel har utsläpp av lustgas den största påverkan på klimatet. </p><br><p>Täckning av flytgödselbehållare är en effektiv åtgärd för att minska ammoniakavgången och därmed även  den indirekta lustgasavgången. Det finns olika typer av täckningar. Ett halmsvämtäcke är den vanligast använda men det pågår försök där plastduk används vilket gett lägre metangasförluster än motsvarande behållare med halmsvämtäcke eller helt utan täckning. </p><br><p>Täckning är effektivt även vid lagring av fastgödsel och även då minskar plastduk effektivt lustgasutsläppen då den förhindrar att syre tränger in i fastgödseln och därmed att ammonium ombildas till nitrat med risk för lustgasutsläpp.</p>,,custom,5,reduce_evaporation_of_liquid_fertiliser,,agriculture,True,,,"{""2010"": 0, ""2020"": 0, ""2021"": 0, ""2045"": 0.177}","{""2020"": 0.178, ""2021"": 0.177}",{},{},storage_of_fertilisers,,
48a8e3a4-80b5-4108-9ff2-caf731b273df,Rötning till biogas,/assets/images/transition-elements-icons/fertiliser_from_an_aerobic_digestion_in_biogas_production.svg,5,,,,0.177,0,Möjlig utsläppsminskning,False,False,54.0,"<p>Rötning till biogas är en lösning för att minska utsläppen från lagring av stallgödsel. Biogasproduktion från stallgödsel ger en minskad klimatpåverkan och samtidigt produceras biogas som minskar beroendet av fossila bränslen.</p><br><p>I Sverige produceras årligen ca 25 miljoner ton stallgödsel varav största delen är nötkreaturs- och svingödsel. Genom att röta stallgödsel i en biogasanläggning kan en stor mängd av den metan som bildas tas tillvara (istället för att avgå till atmosfären) och samtidigt kan förluster av kväve i form av lustgas minskas. Vid biogasproduktion fås också en biprodukt i form av rötrester som är näringsrika och vilka kan utnyttjas som gödselmedel och därmed ersätta mineralgödsel. Metanutsläppen blir avsevärt mindre vid lagring av rötresterna jämfört med lagring av orötad stallgödsel. Detta ger minskade utsläpp från både lagring och spridning av gödseln samtidigt som kväveutnyttjandegraden ökar, vilket leder att till ett minskat behov av mineralgödsel.</p>",,custom,5,fertiliser_from_an_aerobic_digestion_in_biogas_production,Rötning till biogas,agriculture,True,,"Biogas från gödsel, GWh","{""2010"": 0, ""2020"": 0, ""2021"": 0, ""2045"": 0.177}","{""2020"": 0.178, ""2021"": 0.177}","{""2010"": 50, ""2011"": 70, ""2012"": 114, ""2013"": 144, ""2014"": 198, ""2015"": 225, ""2016"": 222, ""2017"": 230, ""2018"": 264, ""2019"": 288, ""2020"": 303}","{""2010"": 50, ""2045"": 671}",storage_of_fertilisers,,
fe668ba6-0c4a-49c0-a088-66c3aa9e6d93,Kvarvarande utsläpp,/assets/images/transition-elements-icons/default.svg,5,,,,0.0,0,,False,True,,"Här finns det kvarvarande utsläpp där vi i dagsläget saknar tillräckliga omställningar för att få ner utsläppen till noll. Klimatmålet till 2045 är utformat så att det är möjligt att använda kompletterande åtgärder för upp till 15 procent av 1990 års utsläpp. Om det inte visar sig vara möjligt att få ner alla utsläpp till noll är det alltså ändå möjligt att nå målet, exempelvis genom att öka inbindning av kol i mark eller att fånga in och lagra biogen koldioxid från exempelvis pappers- och massabruk.",,custom,0,,,agriculture,True,,,"{""2010"": 0, ""2020"": 0, ""2021"": 0, ""2045"": 0}","{""2020"": 0.238, ""2021"": 0.236}",{},{},,,
206f6b8d-c66c-477f-bed1-0204ccfad522,Övergång till elbil,/assets/images/transition-elements-icons/shift_to_electric_vehicles.svg,5,,,,5.495,0,Möjlig utsläppsminskning,False,False,10.0,"Elbilar ger inga utsläpp av växthusgaser vid körning eftersom ingen förbränning av drivmedel sker. Vi antar att varje elbil ersätter en konventionell bensin eller dieselbil. Vi har beräknat att en konventionell bil släppte ut i genomsnitt 2,13 ton koldioxidekvivalenter per år år 2010.

Potentialen är baserad på Power Circles prognos för laddbara fordon.",,custom,5,shift_to_electric_vehicles,Antal laddbara bilar,transport,True,,Antal laddbara bilar,"{""2010"": 0, ""2020"": 0, ""2021"": 0, ""2022"": 0.275, ""2023"": 0.492, ""2024"": 0.789, ""2025"": 1.159, ""2026"": 1.579, ""2027"": 2.009, ""2028"": 2.447, ""2029"": 2.89, ""2030"": 3.338, ""2035"": 4.672, ""2040"": 5.254, ""2045"": 5.495}","{""2020"": 5.554, ""2021"": 5.495}","{""2010"": 190, ""2011"": 366, ""2012"": 1254, ""2013"": 2647, ""2014"": 7094, ""2015"": 14545, ""2016"": 26376, ""2017"": 43287, ""2018"": 66058, ""2019"": 96952, ""2020"": 178024, ""2021"": 299675, ""2022"": 437240}","{""2010"": 190, ""2011"": 366, ""2012"": 1254, ""2013"": 2647, ""2014"": 7094, ""2015"": 14545, ""2016"": 26376, ""2017"": 43287, ""2018"": 65886, ""2019"": 109042, ""2020"": 170656, ""2021"": 257601, ""2022"": 380051, ""2023"": 543251, ""2024"": 763091, ""2025"": 1035091, ""2026"": 1339091, ""2027"": 1643091, ""2028"": 1947091, ""2029"": 2251091, ""2030"": 2555090, ""2035"": 3400000, ""2040"": 3750000, ""2045"": 3876476}",mobility,,
467c2fa7-88b2-4293-a8f1-995abc821c8f,Ökad andel förnybart i diesel,/assets/images/transition-elements-icons/increase_renewable_proportion_in_diesel.svg,5,,,,0.202,0,Möjlig utsläppsminskning,False,False,11.0,"Biodrivmedel är drivmedel som är producerade av biomassa, exempelvis åkergrödor, matavfall eller restprodukter från skogsindustrin. Eftersom biomassan har ackumulerat koldioxid från atmosfären under sin tillväxt räknas utsläppen från biodrivmedel som noll i klimatstatistiken.

Potentialen är angiven utifrån Energimyndighetens kontrollstation för reduktionsplikt fram till 2030, därefter antas en linjär utveckling mot 100 procent förnybar diesel.",,custom,5,increase_renewable_proportion_in_diesel,Biodrivmedel i diesel,transport,True,,"Andel biodrivmedel, volymprocent","{""2020"": 0, ""2021"": 0, ""2030"": 0.15, ""2045"": 0.202}","{""2020"": 0.205, ""2021"": 0.202}","{""2010"": 5.2, ""2011"": 5.2, ""2012"": 7.5, ""2013"": 12, ""2014"": 13, ""2015"": 17, ""2016"": 20.8, ""2017"": 21.1, ""2018"": 22.9, ""2019"": 23.5, ""2020"": 24.4, ""2021"": 26.8}","{""2010"": 5.2, ""2011"": 7.5, ""2012"": 9.7, ""2013"": 12, ""2014"": 14.2, ""2015"": 16.5, ""2016"": 18.7, ""2017"": 21, ""2018"": 23.2, ""2019"": 25.5, ""2020"": 27.7, ""2021"": 30, ""2022"": 34.7, ""2023"": 39.3, ""2024"": 44, ""2025"": 48.7, ""2026"": 53.3, ""2027"": 58, ""2028"": 62.7, ""2029"": 67.3, ""2030"": 72, ""2031"": 73.9, ""2032"": 75.7, ""2033"": 77.6, ""2034"": 79.5, ""2035"": 81.3, ""2036"": 83.2, ""2037"": 85.1, ""2038"": 86.9, ""2039"": 88.8, ""2040"": 90.7, ""2041"": 92.5, ""2042"": 94.4, ""2043"": 96.3, ""2044"": 98.1, ""2045"": 100}",mobility,,
c0520dec-8ba7-4f16-996d-f07f4b66cbe3,Elektrifiering av tunga lastbilar,/assets/images/transition-elements-icons/shift_to_electric_heavy_trucks.svg,5,,,,0.805,0,Möjlig utsläppsminskning,False,False,84.0,Lastbilar som drivs helt eller delvis med el ger upphov till mindre utsläpp av växthusgaser än om de skulle köras på fossila drivmedel. Diagrammet visar hur mycket transportarbete som behöver ske med el istället för fossila drivmedel. Anledningen till det är att en kWh el kan utföra mer transportarbete än motsvarande mängd fossilt drivmedel eftersom verkningsgraden i en elmotor är högre. Potentialen är baserad på scenario D1 i Trafikverkets rapport Scenarier för att nå klimatmålen. ,,custom,5,shift_to_electric_heavy_trucks,Elektrifiering godstransporter,transport,True,,"Transportarbete med el, Mtonkm","{""2010"": 0, ""2020"": 0, ""2021"": 0, ""2030"": 0.35, ""2032"": 0.55, ""2035"": 0.65, ""2045"": 0.805}","{""2020"": 0.776, ""2021"": 0.805}","{""2010"": 6, ""2011"": 5, ""2012"": 16, ""2013"": 24, ""2014"": 37, ""2015"": 54, ""2016"": 68, ""2017"": 86, ""2018"": 120, ""2019"": 180, ""2020"": 275, ""2021"": 413}","{""2010"": 6, ""2011"": 6, ""2012"": 6, ""2013"": 6, ""2014"": 6, ""2015"": 6, ""2016"": 50, ""2017"": 100, ""2018"": 150, ""2019"": 200, ""2020"": 300, ""2021"": 500, ""2022"": 750, ""2023"": 1000, ""2024"": 1270, ""2025"": 1500, ""2026"": 1800, ""2027"": 2200, ""2028"": 2700, ""2029"": 3400, ""2030"": 4235, ""2031"": 5500, ""2032"": 6500, ""2033"": 7000, ""2034"": 7400, ""2035"": 7700, ""2036"": 7856, ""2037"": 8013, ""2038"": 8169, ""2039"": 8326, ""2040"": 8482, ""2041"": 8639, ""2042"": 8795, ""2043"": 8952, ""2044"": 9108, ""2045"": 9265}",freight,,
4727ff43-b1c4-4ed6-9aa5-7b8cebd12888,Biodrivmedel för tunga lastbilar,/assets/images/transition-elements-icons/biofuel_for_heavy_trucks.svg,5,,,,1.495,0,Möjlig utsläppsminskning,False,False,17.0,<p>Enligt den vedertagna metoden för att rapportera växthusgasutsläpp räknas utsläpp från biodrivmedel som försumbara. Att ersätta fossila drivmedel med biodrivmedel kan därför minska utsläppen från godstransporter. Potentialen är baserad på scenario D1 i Trafikverkets rapport Scenarier för att nå klimatmålen.</p>,,custom,5,biofuel_for_heavy_trucks,Biodrivmedel till tunga lastbilar,transport,True,,"Biodrivmedel, TWh","{""2010"": 0, ""2020"": 0, ""2021"": 0, ""2030"": 1, ""2045"": 1.495}","{""2020"": 1.441, ""2021"": 1.495}","{""2010"": 0.94, ""2011"": 1.14, ""2012"": 1.37, ""2013"": 1.84, ""2014"": 2.21, ""2015"": 2.59, ""2016"": 3.22, ""2017"": 3.65, ""2018"": 3.91, ""2019"": 3.85, ""2020"": 3.78}","{""2010"": 0.94, ""2011"": 1.21, ""2012"": 1.48, ""2013"": 1.75, ""2014"": 2.03, ""2015"": 2.3, ""2016"": 2.57, ""2017"": 2.84, ""2018"": 3.11, ""2019"": 3.39, ""2020"": 3.66, ""2021"": 3.93, ""2022"": 4.2, ""2023"": 4.47, ""2024"": 4.75, ""2025"": 5.02, ""2026"": 5.29, ""2027"": 5.56, ""2028"": 5.83, ""2029"": 6.11, ""2030"": 6.38, ""2031"": 6.53, ""2032"": 6.64, ""2033"": 6.74, ""2034"": 6.81, ""2035"": 6.86, ""2036"": 6.89, ""2037"": 6.91, ""2038"": 6.91, ""2039"": 6.89, ""2040"": 6.86, ""2041"": 6.81, ""2042"": 6.75, ""2043"": 6.68, ""2044"": 6.59, ""2045"": 6.48}",freight,,
76127196-7fe8-4dfd-ab84-573969b07c0d,Nitrifikationshämmare,/assets/images/transition-elements-icons/nitrification_reducers.svg,5,,,,0.156,0,Möjlig utsläppsminskning,False,False,48.0,"<p>Genom inblandning av så kallade nitrifikationshämmare till gödsel går det att minska utsläppen av lustgas från jordbruksmark. Det är ett kemiskt medel som hindrar mikroorganismernas omvandling av ammonium till nitrat och som minskar bildningen av lustgas. Potentialen är baserad på rapporten ""Minskade utsläpp av växthusgaser från jordbruket med ökad produktion? Scenarier till 2045 för utsläpp och upptag av växthusgaser inom jordbrukssektorn"".</p>",,custom,5,nitrification_reducers,Nitrifikationshämmare,agriculture,True,,,"{""2010"": 0, ""2020"": 0, ""2021"": 0, ""2045"": 0.156}","{""2020"": 0.17, ""2021"": 0.156}",{},{},agricultural_land,,
9b07d959-60f3-419b-956d-16504914bd69,Förändrad och preciserad gödselanvändning,/assets/images/transition-elements-icons/optimising_fertiliser_use.svg,5,,,,0.218,0,Möjlig utsläppsminskning,False,False,46.0,"<p>Ett exempel på förändrad så kallad gödselgiva är övergång från fastgödsel och djupströ till flytgödsel vilket minskar främst lustgas (och även ammoniak). Andra exempel är myllning eller injektion vid spridning av flytgödsel, ökad andel gröngödsel. Precisionsgödsling innebär att man anpassar fördelningen av gödsel efter fältets och grödans varierande behov för att öka kväveeffektiviteten vilket också ger ökad skörd. Potentialen är baserad på rapporten ""Minskade utsläpp av växthusgaser från jordbruket med ökad produktion? Scenarier till 2045 för utsläpp och upptag av växthusgaser inom jordbrukssektorn"".</p>",,custom,5,optimising_fertiliser_use,,agriculture,True,,,"{""2010"": 0, ""2020"": 0, ""2021"": 0, ""2045"": 0.218}","{""2020"": 0.238, ""2021"": 0.218}",{},{},agricultural_land,,
3d29d226-18be-4e0b-b31b-160173c5b88a,Kvarvarande utsläpp,/assets/images/transition-elements-icons/default.svg,5,,,,0.0,0,,False,True,,"Här finns det kvarvarande utsläpp där vi i dagsläget saknar tillräckliga omställningar för att få ner utsläppen till noll. Klimatmålet till 2045 är utformat så att det är möjligt att använda kompletterande åtgärder för upp till 15 procent av 1990 års utsläpp. Om det inte visar sig vara möjligt att få ner alla utsläpp till noll är det alltså ändå möjligt att nå målet, exempelvis genom att öka inbindning av kol i mark eller att fånga in och lagra biogen koldioxid från exempelvis pappers- och massabruk.",,custom,0,,,agriculture,True,,,"{""2010"": 0, ""2020"": 0, ""2021"": 0, ""2045"": 0}","{""2020"": 2.33, ""2021"": 2.119}",{},{},,,
e5e6a0c8-1c61-4e87-9528-440ba51e4b68,Effektivare persontransporter ,/assets/images/transition-elements-icons/more_efficient_commuting_by_car.svg,5,,,,0.289,0,Möjlig utsläppsminskning,False,False,7.0,"För att minska transporternas miljöpåverkan behöver den transportinfrastruktur - vägar, järnvägar, hamnar och flygplatser - och det transportsystem som redan finns, användas så effektivt som möjligt. Genom att fler personer samåker kan transporterna bli effektivare. Potentialen är baserad på scenario D1 i Trafikverkets rapport Scenarier för att nå klimatmålen. ",,custom,5,more_efficient_commuting_by_car,Antal personer per bil,transport,True,,Antal personer per bil,"{""2010"": 0, ""2020"": 0, ""2021"": 0, ""2022"": 0, ""2023"": 0, ""2024"": 0, ""2025"": 0, ""2026"": 0, ""2027"": 0, ""2028"": 0, ""2029"": 0, ""2030"": 0, ""2031"": 0, ""2032"": 0, ""2033"": 0, ""2034"": 0, ""2035"": 0, ""2036"": 0, ""2037"": 0, ""2038"": 0, ""2039"": 0, ""2040"": 0, ""2041"": 0, ""2042"": 0, ""2043"": 0, ""2044"": 0, ""2045"": 0.289}","{""2020"": 0.383, ""2021"": 0.289}","{""2010"": 2.178, ""2011"": 2.175, ""2012"": 2.158, ""2013"": 2.155, ""2014"": 2.151, ""2015"": 2.135, ""2016"": 2.113, ""2017"": 2.1, ""2018"": 2.094, ""2019"": 2.107, ""2020"": 2.116, ""2021"": 2.102, ""2022"": 2.104}","{""2010"": 2.178, ""2021"": 2.185, ""2030"": 2.199, ""2035"": 2.21, ""2040"": 2.235, ""2045"": 2.273}",mobility,,
09eabf4b-ad4a-417d-9994-fa538b88184f,Förbättrad fordonsteknik,/assets/images/transition-elements-icons/improved_vehicle_technology.svg,5,,,,0.964,0,Möjlig utsläppsminskning,False,False,9.0,"Förbättrad energieffektivitet är en viktig lösning för att minska utsläppen. Genom att förbättra energieffektiviteten med 20 procent kan växthusgasutsläppen från bilar minska med 2,5 miljoner ton koldioxidekvivalenter. Potentialen är baserad på scenario D1 i Trafikverkets rapport Scenarier för att nå klimatmålen. ",,custom,5,improved_vehicle_technology,Energieffektivitet nya bensin och dieselbilar,transport,True,,"Effektivitet, km/kWh","{""2010"": 0, ""2020"": 0, ""2021"": 0, ""2030"": 0.964, ""2045"": 0.964}","{""2020"": 0.974, ""2021"": 0.964}","{""2010"": 1.74, ""2011"": 1.82, ""2012"": 1.91, ""2013"": 1.94, ""2014"": 1.95, ""2015"": 2.02, ""2016"": 2.02, ""2017"": 2, ""2018"": 1.94, ""2019"": 1.9, ""2020"": 1.97}","{""2010"": 1.74, ""2030"": 2.22, ""2045"": 2.22}",mobility,,
8879e250-acf0-4418-86e8-0c4afecaa622,Energieffektivare tunga lastbilar,/assets/images/transition-elements-icons/improved_vehicle_technology_heavy_trucks.svg,5,,,,1.38,0,Möjlig utsläppsminskning,False,False,89.0,"<p>En förbättrad energieffektivitet hos fordonen innebär att samma transportarbete kan utföras med en mindre mängd bränsle, vilket leder till minskade utsläpp. Energieffektivitet kan uppnås genom förbättrad fordonsteknik, men också med hjälp av eco-driving och sänkt hastighet. Potentialen är baserad på scenario D1 i Trafikverkets rapport Scenarier för att nå klimatmålen.</p>",,custom,5,improved_vehicle_technology_heavy_trucks,Energieffektivitet tunga lastbilar,transport,True,,"Energieffektivitet, km/l diesel","{""2010"": 0, ""2020"": 0, ""2021"": 0, ""2045"": 1.38}","{""2020"": 1.33, ""2021"": 1.38}","{""2010"": 2.548, ""2011"": 2.618, ""2012"": 2.695, ""2013"": 2.729, ""2014"": 2.712, ""2015"": 2.666, ""2016"": 2.743, ""2017"": 2.799, ""2018"": 2.867, ""2019"": 2.857}","{""2010"": 2.548, ""2030"": 3.79, ""2035"": 4, ""2040"": 4.15, ""2045"": 4.2}",freight,,
ca2374a9-b54b-44a9-9695-3344cc257b30,Biodrivmedel för inrikes flyg,/assets/images/transition-elements-icons/biofuels_for_air_transport.svg,5,,,,0.116,0,Möjlig utsläppsminskning,False,False,22.0,"<p>Omställningen innebär att fossilt flygbränsle ersätts med hållbart producerade biobränslen.</p><br><p>Potentialbedömningen bygger på utredningen ""Biojet för flyget"" som ligger till grund för den reduktionsplikt som regeringen har implementerat för flygbränsle.</p>",,custom,5,biofuels_for_air_transport,Andel biobränsle,transport,True,,"Andel biobränsle, %","{""2010"": 0, ""2020"": 0, ""2021"": 0, ""2045"": 0.116}","{""2020"": 0.119, ""2021"": 0.116}","{""2010"": 0, ""2011"": 0, ""2012"": 0, ""2013"": 0, ""2014"": 0, ""2015"": 0, ""2016"": 0, ""2017"": 0, ""2018"": 0.055996611, ""2019"": 0.125895971, ""2021"": 0.8}","{""2010"": 0, ""2011"": 0, ""2012"": 0, ""2013"": 0, ""2014"": 0, ""2015"": 0, ""2016"": 0, ""2017"": 0, ""2018"": 0, ""2019"": 0, ""2020"": 0, ""2021"": 1, ""2022"": 2, ""2023"": 3, ""2024"": 4, ""2025"": 5, ""2026"": 8, ""2027"": 12, ""2028"": 17, ""2029"": 23, ""2030"": 30, ""2031"": 37, ""2032"": 44, ""2033"": 50, ""2034"": 55, ""2035"": 60, ""2036"": 65, ""2037"": 70, ""2038"": 75, ""2039"": 80, ""2040"": 85, ""2041"": 90, ""2042"": 94, ""2043"": 97, ""2044"": 99, ""2045"": 100}",other_transport,,
6373d1e3-a996-48ac-a840-e6054ef75ca2,Energieffektiva flygplan,/assets/images/transition-elements-icons/more_efficient_passenger_airplanes.svg,5,,,,0.054,0,Möjlig utsläppsminskning,False,False,19.0,"<p>Omställningen innebär att flygplan blir mer energieffektiva, vilket innebär att mindre bränsle går åt till att utföra samma trafikarbete.</p>",,custom,5,more_efficient_passenger_airplanes,Energieffektivitet flygplan,transport,True,,Fordonskilometer per m3 bränsle,"{""2010"": 0, ""2020"": 0, ""2021"": 0, ""2045"": 0.054}","{""2020"": 0.055, ""2021"": 0.054}","{""2010"": 249, ""2011"": 245, ""2012"": 240, ""2013"": 238, ""2014"": 243, ""2015"": 248, ""2016"": 234, ""2017"": 237, ""2018"": 235, ""2019"": 240}","{""2010"": 249, ""2045"": 356}",other_transport,,
ebb72100-0b8d-4117-b652-a7b2593c179d,Biodrivmedel inrikes sjöfart,/assets/images/transition-elements-icons/biofuels_for_sea_freight_transport.svg,5,,,,0.358,0,Möjlig utsläppsminskning,False,False,23.0,<p>Omställningen innebär att fossila drivmedel ersätts med hållbart producerade biodrivmedel som bidrar till minskade utsläpp av växthusgaser.</p>,,custom,5,biofuels_for_sea_freight_transport,Andel biodrivmedel,transport,True,,"Andel biodrivmedel, %","{""2010"": 0, ""2020"": 0, ""2021"": 0, ""2045"": 0.358}","{""2020"": 0.367, ""2021"": 0.358}","{""2010"": 0, ""2011"": 0, ""2012"": 0, ""2013"": 0, ""2014"": 0, ""2015"": 0, ""2016"": 0, ""2017"": 0, ""2018"": 0, ""2019"": 2.35, ""2020"": 5.1}","{""2010"": 0, ""2030"": 49.5, ""2035"": 54, ""2040"": 56, ""2045"": 56}",other_transport,,
49c7084e-b791-4f0d-9b31-36b004359467,Elektrifiering av inrikes sjöfart,/assets/images/transition-elements-icons/electrification_of_domestic_sea_freight_transport.svg,5,,,,0.154,0,Möjlig utsläppsminskning,False,False,25.0,<p>Den potentiella omställningen innebär att fossila drivmedel ersätts med el.</p>,,custom,5,electrification_of_domestic_sea_freight_transport,Andel eldrift,transport,True,,"Andel eldrift, %","{""2010"": 0, ""2020"": 0, ""2021"": 0, ""2045"": 0.154}","{""2020"": 0.157, ""2021"": 0.154}","{""2010"": 0, ""2011"": 0, ""2012"": 0, ""2013"": 0, ""2014"": 0, ""2015"": 0, ""2016"": 0, ""2017"": 0, ""2018"": 0, ""2019"": 0, ""2020"": 0}","{""2010"": 0, ""2030"": 6, ""2035"": 9, ""2040"": 15, ""2045"": 24}",other_transport,,
aa1fd846-9afa-4bb1-bbd9-aecabcb7196c,LNG för sjötransporter,/assets/images/transition-elements-icons/shift_to_lng_fuel_for_sea_freight_transportation.svg,5,,,,0.051,0,Möjlig utsläppsminskning,False,False,21.0,"<p>Omställningen går ut på att konventionell fossil eldningsolja som används inom sjöfarten byts ut mot flytande naturgas (LNG). Naturgas är ett renare bränsle som förutom att minska klimatpåverkan med omkring 15 procent också minskar utsläppen av stoft, sot, kväveoxider och svavel.</p><br><p>Potentialbedömningen är baserad på IVL:s rapport Environmental assessment of Sweden-related LNG fleet in the Baltic Sea and</p><p>the North Sea.</p>",,custom,5,shift_to_lng_fuel_for_sea_freight_transportation,Flytande naturgas,transport,True,,Ton LNG,"{""2010"": 0, ""2020"": 0, ""2021"": 0, ""2045"": 0.051}","{""2020"": 0.052, ""2021"": 0.051}","{""2010"": 0, ""2011"": 0, ""2012"": 0, ""2013"": 0, ""2014"": 0, ""2015"": 0, ""2016"": 0, ""2017"": 0, ""2018"": 0, ""2019"": 13495, ""2020"": 25035}","{""2010"": 0, ""2017"": 0, ""2018"": 4000, ""2019"": 13000, ""2020"": 22000, ""2021"": 30000, ""2022"": 40000, ""2023"": 55000, ""2024"": 70000, ""2025"": 82000, ""2026"": 90000, ""2027"": 98000, ""2028"": 103000, ""2029"": 106000, ""2030"": 107681, ""2031"": 107500, ""2032"": 107000, ""2045"": 95716}",other_transport,,
6b82e094-8caa-41a5-9f48-2586242a0784,Energieffektiva fartyg,/assets/images/transition-elements-icons/more_efficient_sea_freight_transportation.svg,5,,,,0.077,0,Möjlig utsläppsminskning,False,False,20.0,"<p>Omställningen innebär att energieffektiviteten hos fartyg ökar, vilket innebär att utsläppen per varje utfört transportarbete (persontransport och godstransport) blir mindre.</p>",,custom,5,more_efficient_sea_freight_transportation,Energieffektiv sjöfart,transport,True,,"Förändring effektivitet, %","{""2010"": 0, ""2020"": 0, ""2021"": 0, ""2045"": 0.077}","{""2020"": 0.079, ""2021"": 0.077}","{""2010"": 0, ""2011"": -4.16, ""2012"": -7.39, ""2013"": -8.89, ""2014"": -8.59, ""2015"": -3.48, ""2016"": -7.11, ""2017"": 0.13, ""2018"": -5.85, ""2019"": 3.99, ""2020"": -0.88}","{""2010"": 0, ""2030"": 6.38, ""2035"": 7.7, ""2040"": 8.4, ""2045"": 8.7}",other_transport,,
2dd04c9a-fe77-4f84-93e6-5e8566f79ee5,Ökad andel gång och cykeltrafik,/assets/images/transition-elements-icons/increased_proportion_of_walking_and_cycling.svg,5,,,,0.607,0,Möjlig utsläppsminskning,False,False,2.0,En ökad andel gång- och cykeltrafik innebär att fler går eller cyklar istället för att transportera sig med bil. Om andelen gång- och cykeltrafik ökar och biltrafiken minskar bidrar det inte bara till minskad klimatpåverkan utan också ökad social hållbarhet genom en livfullare och tryggare stadsmiljö med ökad tillgänglighet. Det ska dock betonas att ökad cykling främst leder till minskade utsläpp om den ersätter resor som annars hade gjorts med bil. Potentialen är baserad på scenario D1 i Trafikverkets rapport Scenarier för att nå klimatmålen. ,,custom,5,increased_proportion_of_walking_and_cycling,Andel persontransport som är gång/cykeltrafik,transport,True,,"Andel gång och cykel, %","{""2010"": 0, ""2020"": 0, ""2021"": 0, ""2030"": 0.26, ""2035"": 0.32, ""2040"": 0.45, ""2045"": 0.607}","{""2020"": 0.614, ""2021"": 0.607}","{""2010"": 2.63106919, ""2011"": 2.602954459, ""2012"": 2.619695038, ""2013"": 2.62959049, ""2014"": 2.603355095, ""2015"": 2.587457512, ""2016"": 2.443995672, ""2017"": 2.608795965, ""2018"": 2.797115139, ""2019"": 3.007693107, ""2020"": 4.36, ""2021"": 3.72}","{""2010"": 2.63106919, ""2030"": 3.786, ""2035"": 4.7, ""2040"": 6.5, ""2045"": 8.849}",mobility,,
40740dea-2ece-447a-995a-67ff093828c7,Överflyttning till järnväg,/assets/images/transition-elements-icons/transfer_from_car_to_railway.svg,5,,,,0.607,0,Möjlig utsläppsminskning,False,False,3.0,<p>Transporter på järnväg ger låga utsläpp av koldioxid. En lösning är därför att det sker en överflyttning från persontransporter med bil till persontransporter med tåg. Potentialen är baserad på scenario D1 i Trafikverkets rapport Scenarier för att nå klimatmålen.</p>,,custom,5,transfer_from_car_to_railway,Andel persontransporter med tåg,transport,True,,"Andel järnvägstransporter, %","{""2010"": 0, ""2020"": 0, ""2021"": 0, ""2045"": 0.607}","{""2020"": 0.614, ""2021"": 0.607}","{""2010"": 8.21, ""2011"": 8.23, ""2012"": 8.61, ""2013"": 8.59, ""2014"": 8.62, ""2015"": 8.82, ""2016"": 8.86, ""2017"": 8.89, ""2018"": 9, ""2019"": 9.6, ""2020"": 6.57, ""2021"": 6.54}","{""2010"": 8.21, ""2030"": 11.14, ""2045"": 14.1}",mobility,,
1e7a3484-9175-490f-b739-a9c17ff5259d,Ökad andel resfria möten och tjänster,/assets/images/transition-elements-icons/increased_proportion_of_non_travel_meetings_and_services.svg,5,,,,0.578,0,Möjlig utsläppsminskning,False,False,5.0,"<p>En ökad andel resfria möten och tjänster bidrar till att minska behovet av resor. Genom dagens teknik finns det stor potential att organisera möten via datorer och nätverk. Vi vet att andelen digitala resfria möten ökar, men saknar statistik för att kunna redovisa en indikator i absoluta tal för den här omställningen.</p>",,custom,5,increased_proportion_of_non_travel_meetings_and_services,Andel resfria möten,transport,True,,"Andel resfria möten, %","{""2010"": 0, ""2020"": 0, ""2021"": 0, ""2030"": 0.1, ""2045"": 0.578}","{""2020"": 0.383, ""2021"": 0.578}",{},"{""2010"": 52, ""2030"": 54.16, ""2045"": 64.95}",mobility,,
41bdd6f8-51cd-46c0-9b7f-6ed673897afd,Överflyttning av fraktat gods till järnväg,/assets/images/transition-elements-icons/transfer_from_heavy_truck_to_electric_railway.svg,5,,,,0.138,0,Möjlig utsläppsminskning,False,False,12.0,<p>Lösningen innebär att fler godstransporter sker med järnväg. Vi har antagit att ett ökat godstransportarbete med järnväg ersätter godstransport med lastbil. Potentialen är baserad på scenario D1 i Trafikverkets rapport Scenarier för att nå klimatmålen.</p>,,custom,5,transfer_from_heavy_truck_to_electric_railway,Gods på järnväg,transport,True,,"Transportarbete, Mtonkm","{""2010"": 0, ""2020"": 0, ""2021"": 0, ""2045"": 0.138}","{""2020"": 0.133, ""2021"": 0.138}","{""2010"": 21567, ""2011"": 21149, ""2012"": 20546, ""2013"": 19872, ""2014"": 20040, ""2015"": 19580, ""2016"": 20243, ""2017"": 20839, ""2018"": 21511, ""2019"": 20910, ""2020"": 20464, ""2021"": 21305}","{""2010"": 21567, ""2030"": 22019, ""2035"": 22300, ""2040"": 22800, ""2045"": 23375}",freight,,
14ae8d72-a905-44e1-b8e3-f056b6900ba5,Överflyttning av fraktat gods till sjöfart,/assets/images/transition-elements-icons/transfer_from_heavy_truck_to_sea.svg,5,,,,0.138,0,Möjlig utsläppsminskning,False,False,13.0,Lösningen innebär att inrikes godstransporter flyttas över från lastbil till sjöfart. Vi har antagit att ett ökat godstransportarbete med sjöfart ersätter lastbilstransporter. Potentialen är baserad på scenario D1 i Trafikverkets rapport Scenarier för att nå klimatmålen.,,custom,5,transfer_from_heavy_truck_to_sea,Gods med sjötransport,transport,True,,"Transportarbete inrikes sjöfart, Mtonkm","{""2010"": 0, ""2020"": 0, ""2021"": 0, ""2045"": 0.138}","{""2020"": 0.133, ""2021"": 0.138}","{""2010"": 7851, ""2011"": 7794, ""2012"": 6892, ""2013"": 6764, ""2014"": 6663, ""2015"": 7221, ""2016"": 7018, ""2017"": 7155, ""2018"": 7613, ""2019"": 7799, ""2020"": 7782, ""2021"": 7910}","{""2010"": 7851, ""2030"": 8303, ""2045"": 9659}",freight,,
12a60298-5958-4463-96ab-6b9d796375e5,Ökad fyllnadsgrad för tunga godstransporter,/assets/images/transition-elements-icons/improved_load_factor_heavy_trucks.svg,5,,,,0.644,0,Möjlig utsläppsminskning,False,False,103.0,<p>Lösningen innebär att mängden gods per lastbil ökar. På så sätt kan samma godstransportarbete (tonkilometer) utföras med mindre trafikarbete (fordonskilometer) och utsläppen minska. Det kan exempelvis ske genom att man använder längre och tyngre fordon eller genom bättre samordning av godstransporter och genom att undvika tomma returlaster där det är möjligt. Potentialen är baserad på scenario D1 i Trafikverkets rapport Scenarier för att nå klimatmålen.</p>,,custom,5,improved_load_factor_heavy_trucks,Fyllnadsgrad tung lastbil,transport,True,,"Genomsnittlig last, ton","{""2010"": 0, ""2020"": 0, ""2021"": 0, ""2045"": 0.644}","{""2020"": 0.621, ""2021"": 0.644}","{""2010"": 13.17, ""2011"": 13.82, ""2012"": 13.55, ""2013"": 13.76, ""2014"": 14.89, ""2015"": 14.82, ""2016"": 13.98, ""2017"": 13.57, ""2018"": 13.75, ""2019"": 13.62}","{""2010"": 13.17, ""2011"": 13.2, ""2012"": 13.24, ""2013"": 13.27, ""2014"": 13.3, ""2015"": 13.34, ""2016"": 13.37, ""2017"": 13.4, ""2018"": 13.43, ""2019"": 13.47, ""2020"": 13.5, ""2021"": 13.53, ""2022"": 13.57, ""2023"": 13.6, ""2024"": 13.63, ""2025"": 13.67, ""2026"": 13.7, ""2027"": 13.73, ""2028"": 13.77, ""2029"": 13.8, ""2030"": 13.83, ""2031"": 13.88, ""2032"": 13.94, ""2033"": 14, ""2034"": 14.07, ""2035"": 14.15, ""2036"": 14.24, ""2037"": 14.34, ""2038"": 14.44, ""2039"": 14.55, ""2040"": 14.67, ""2041"": 14.8, ""2042"": 14.94, ""2043"": 15.08, ""2044"": 15.23, ""2045"": 15.43}",freight,,
e9235b89-f71e-46a5-a549-e0b5672b6422,Kvarvarande utsläpp,/assets/images/transition-elements-icons/default.svg,5,,,,0.0,0,,False,True,,"Här finns det kvarvarande utsläpp där vi i dagsläget saknar tillräckliga omställningar för att få ner utsläppen till noll. Klimatmålet till 2045 är utformat så att det är möjligt att använda kompletterande åtgärder för upp till 15 procent av 1990 års utsläpp. Om det inte visar sig vara möjligt att få ner alla utsläpp till noll är det alltså ändå möjligt att nå målet, exempelvis genom att öka inbindning av kol i mark eller att fånga in och lagra biogen koldioxid från exempelvis pappers- och massabruk.",,custom,0,,,agriculture,True,,,"{""2010"": 0, ""2020"": 0, ""2021"": 0, ""2045"": 0}","{""2020"": 1.322, ""2021"": 1.327}",{},{},,,
a1cd0940-a539-4820-8e0a-88b62fc75f7b,Optimering av betong,/assets/images/transition-elements-icons/optimisation_of_concrete.svg,5,,,,0.136,0,Möjlig utsläppsminskning,False,False,29.0,"<p>Åtgärden innebär användning av nya cementsorter, betongsammansättning med lägre andel cement, användning av alternativa bindemedel och klimatoptimering av design.</p><br><p>Potentialbedömningen kommer från rapporten: Färdplan för Klimatneutral konkurrenskraft - Betongbranschen.</p>",,custom,5,optimisation_of_concrete,Andel nybyggda flerbostadshus med prefabricerad betong,industry,True,,"Andel prefabricerad betong, %","{""2010"": 0, ""2020"": 0, ""2021"": 0, ""2045"": 0.136}","{""2020"": 0.138, ""2021"": 0.136}","{""2010"": 24, ""2011"": 25, ""2012"": 31, ""2013"": 28, ""2014"": 35, ""2015"": 33, ""2016"": 38, ""2017"": 35, ""2018"": 40, ""2019"": 32, ""2020"": 40}","{""2010"": 24, ""2020"": 29, ""2045"": 41.67}",cement_and_concrete,,
1c910ad7-5124-4d9f-9758-a9a0a19e7f37,Biobränsle för cement och mineralindustri,https://climateview-assets.azureedge.net/transition-element-assets/icons/biofuels_for_cement_and_mineral_industry.svg,5,,,,0.204,0,Möjlig utsläppsminskning,False,False,30.0,"<p>Åtgärden innebär att fossila bränslen ersätts av förnybara bränslen, främst genom att kol ersätts med förädlat avfallsbaserat bränsle. Samma utsläppsminskning kan även uppnås med hjälp av elektrifiering. Som en förenkling antas här att hälften av utsläppsminskningen realiseras med elektrifiering och hälften med byte till biobränslen.</p><br><p>Potentialbedömningen kommer från rapporten: Färdplan cement, för ett klimatneutralt betongbyggande. Tillgången till biobränslen kan utgöra ett hinder för denna omställning, särskilt i kombination med att andra omställningar också behöver biobränslen.</p>",,custom,5,biofuels_for_cement_and_mineral_industry,Andel biobränsle,industry,True,,"Andel biobränsle, %","{""2010"": 0, ""2020"": 0, ""2021"": 0, ""2045"": 0.204}","{""2020"": 0.415, ""2021"": 0.204}","{""2010"": 2.38797169, ""2011"": 4.557179708, ""2012"": 4.410911201, ""2013"": 5.877371274, ""2014"": 5.406788334, ""2015"": 6.632227962, ""2016"": 6.396652219, ""2017"": 6.650764698, ""2018"": 6.361883779, ""2019"": 5.782160466}","{""2010"": 2.388, ""2045"": 50}",cement_and_concrete,,
06b6adcd-eb6b-4f75-99ee-0466582cb68f,CCS i avfallsförbränning,/assets/images/transition-elements-icons/ccs_from_waste_incineration.svg,5,,,,0.814,0,Möjlig utsläppsminskning,False,False,61.0,"Omställningen CCS (carbon capture and storage) innebär att använda teknik för att fånga in koldioxid vid avfallsförbränningsanläggningar och på så vis ta bort de direkta utsläppen från förbränningen. Avfall innehåller både fossilt och förnybart material, därför kan denna lösning bidra till att binda förnybart koldioxid och därmed bidra med ett negativt nettoutsläpp. En utmaning i nuläget är att få till den infrastruktur som krävs för att kunna transportera och lagra koldioxiden på ett bra sätt. ",,custom,5,ccs_from_waste_incineration,Andel CCS i avfallsförbränning,energy,True,,"Andel CCS, procent","{""2010"": 0, ""2020"": 0, ""2021"": 0, ""2024"": 0, ""2025"": 0.11, ""2034"": 0.11, ""2035"": 0.716, ""2045"": 0.814}","{""2020"": 0.716, ""2021"": 0.814}","{""2010"": 0, ""2011"": 0, ""2012"": 0, ""2013"": 0, ""2014"": 0, ""2015"": 0, ""2016"": 0, ""2017"": 0, ""2018"": 0, ""2019"": 0, ""2020"": 0, ""2021"": 0, ""2022"": 0}","{""2010"": 0, ""2024"": 0, ""2025"": 4, ""2034"": 4, ""2035"": 25, ""2045"": 25}",electricity_and_district_heating,energy-yellow,
c185ddbb-550c-4d9b-b243-fdf045f10cc0,Spillvärme i fjärrvärmenät,https://climateview-assets.azureedge.net/transition-element-assets/icons/shift_to_residual_heat_in_district_heating.svg,5,,,,0.518,0,Möjlig utsläppsminskning,False,False,59.0,"Omställningen innebär att spillvärme från olika källor, som exempelvis olika industrier, kan användas för att ersätta värme från avfallsförbränning.",,custom,5,shift_to_residual_heat_in_district_heating,Spillvärme till fjärrvärme,energy,True,,"Spillvärme, GWh","{""2010"": 0, ""2020"": 0, ""2021"": 0, ""2045"": 0.518}","{""2020"": 0.456, ""2021"": 0.518}","{""2010"": 4122, ""2011"": 3852, ""2012"": 4063, ""2013"": 3835, ""2014"": 3921, ""2015"": 4037, ""2016"": 4249, ""2017"": 4329, ""2018"": 4544, ""2019"": 4566, ""2020"": 4355, ""2021"": 4884, ""2022"": 4657}","{""2010"": 4122, ""2045"": 11788}",electricity_and_district_heating,energy-yellow,
f4c01ab7-ee6a-4a03-8f85-1597c57a0ee4,Minskad andel fossilt avfall,/assets/images/transition-elements-icons/reduced_proportion_of_fossil_waste.svg,5,,,,0.976,0,Möjlig utsläppsminskning,False,False,56.0,<p>Omställningen innebär att andelen förnybart i det avfall som förbränns för energiåtervinning ökar. Den potentiella utsläppsminskningen påverkas av hur mycket av det fossila avfallet som materialåtervinns samt hur stor andel av det avfall som uppstår som är förnybart.</p>,,custom,5,reduced_proportion_of_fossil_waste,Förnybar andel av avfall till energiåtervinning,energy,True,,"Andel förnybart, procent","{""2010"": 0, ""2020"": 0, ""2021"": 0, ""2045"": 0.976}","{""2020"": 0.859, ""2021"": 0.976}","{""2010"": 64, ""2011"": 64.01, ""2012"": 64.01, ""2013"": 64.01, ""2014"": 64.01, ""2015"": 59.48, ""2016"": 60.17, ""2017"": 63.04, ""2018"": 62.5, ""2019"": 60.97, ""2020"": 60.12, ""2021"": 60.12}","{""2010"": 64, ""2045"": 72.9}",electricity_and_district_heating,energy-yellow,
e24f65a4-273f-40f4-9191-fd892dc0a28d,Biobränslen för värme och elproduktion,https://climateview-assets.azureedge.net/transition-element-assets/icons/shift_to_biofuel_in_district_heating.svg,5,,,,0.118,0,Möjlig utsläppsminskning,False,False,57.0,"<p>Omställningen innebär att fossila bränslen som används för värme- och elproduktion ersätts med biobränslen. Tillgången till biobränslen kan utgöra ett hinder för denna omställning, särskilt i kombination med att andra omställningar också behöver biobränslen.</p>",,custom,5,shift_to_biofuel_in_district_heating,Andel biobränsle för värme- och elproduktion,energy,True,,"Andel förnybara bränslen, procent","{""2010"": 0, ""2020"": 0, ""2021"": 0, ""2045"": 0.118}","{""2020"": 0.104, ""2021"": 0.118}","{""2010"": 70.66, ""2011"": 76.67, ""2012"": 80.73, ""2013"": 78.66, ""2014"": 86.57, ""2015"": 84.8, ""2016"": 83.72, ""2017"": 89.7, ""2018"": 87.77, ""2019"": 91.12, ""2020"": 98.07, ""2021"": 95.53, ""2022"": 96.6}","{""2010"": 70.66, ""2045"": 100}",electricity_and_district_heating,energy-yellow,
c708f353-fd8b-4748-9437-6daf0ba135b4,Torv som ersatts med biobränsle,https://climateview-assets.azureedge.net/transition-element-assets/icons/replace_peat_with_biofuels.svg,5,,,,0.164,0,Möjlig utsläppsminskning,False,False,58.0,"Omställningen innebär att torv som används som bränsle i värme- och kraftvärmeverk ersätts med biobränsle. Torv räknas inte som ett förnybart bränsle trots att det inte är fossilt, eftersom inlagringen av kol i torv sker under en betydligt längre tidsperiod jämfört med biobränslen.

Torv har goda förbränningstekniska egenskaper och kombineras därför ofta med andra bränslen. Därför kan det finnas utmaningar med att ersätta torven som bränsle.",,custom,5,replace_peat_with_biofuels,Andel torv ersatts med biobränsle,energy,True,,"Torv som ersatts, procent","{""2010"": 0, ""2020"": 0, ""2021"": 0, ""2045"": 0.164}","{""2020"": 0.144, ""2021"": 0.164}","{""2010"": 0, ""2011"": 23.03, ""2012"": 29.05, ""2013"": 45.52, ""2014"": 60.15, ""2015"": 65.07, ""2016"": 62.95, ""2017"": 66.64, ""2018"": 55.16, ""2019"": 74.91, ""2020"": 82.77, ""2021"": 85.39, ""2022"": 92.51}","{""2010"": 0, ""2045"": 70}",electricity_and_district_heating,energy-yellow,
60d2d741-6db2-4a53-b589-c193b8bb456e,CCS fasta biobränslen,https://climateview-assets.azureedge.net/transition-element-assets/icons/ccs_from_solid_biofuels_beccs.svg,5,,,,0.214,0,Möjlig utsläppsminskning,False,False,62.0,"<p>Omställningen CCS (carbon capture and storage) innebär att man samlar in koldioxiden som uppstår vid förbränning av fasta biobränslen. Eftersom den insamlade koldioxiden är av förnybart ursprung innebär det att åtgärden leder till negativa utsläpp. Flera aktörer tittar på möjligheten att införa bio-CCS, bland annat Stockholm Exergi och Växjö Energi AB.</p>",,custom,5,ccs_from_solid_biofuels_beccs,Mängd insamlad CO2 från fasta biobränslen,energy,True,,"Insamlad mängd koldioxid, kton","{""2010"": 0, ""2020"": 0, ""2021"": 0, ""2025"": 0, ""2026"": 0.16, ""2027"": 0.214, ""2045"": 0.214}","{""2020"": 0.188, ""2021"": 0.214}","{""2010"": 0, ""2011"": 0, ""2012"": 0, ""2013"": 0, ""2014"": 0, ""2015"": 0, ""2016"": 0, ""2017"": 0, ""2018"": 0, ""2019"": 0}","{""2010"": 0, ""2025"": 0, ""2026"": 800, ""2027"": 1100, ""2045"": 1100}",electricity_and_district_heating,energy-yellow,
5f5e13d7-25cf-4707-829d-6ae1970b4eb8,Biobränslen i alla byggnader,/assets/images/transition-elements-icons/heating_housing_and_buildings_with_renewable_solid_biofuels.svg,5,,,,0.087,0,Möjlig utsläppsminskning,False,False,109.0,Omställningen innebär att oljepannor i bostäder och lokaler ersätts med biobränslepannor som eldas med exempelvis ved eller träpellets.,,custom,5,heating_housing_and_buildings_with_renewable_solid_biofuels,Konvertering till biobränsle,energy,True,,Antal konverterade oljepannor,"{""2010"": 0, ""2020"": 0, ""2021"": 0, ""2045"": 0.087}","{""2020"": 0.081, ""2021"": 0.087}","{""2010"": 0, ""2011"": 4006, ""2012"": 2937, ""2013"": 2940, ""2014"": 5960, ""2016"": 8639, ""2018"": 8967, ""2019"": 9177}","{""2010"": 0, ""2011"": 394, ""2012"": 788, ""2013"": 1183, ""2014"": 1577, ""2015"": 1971, ""2016"": 2365, ""2017"": 2760, ""2018"": 3154, ""2019"": 3548, ""2020"": 3942, ""2021"": 4337, ""2022"": 4731, ""2023"": 5125, ""2024"": 5519, ""2025"": 5913, ""2026"": 6308, ""2027"": 6702, ""2028"": 7096, ""2029"": 7490, ""2030"": 7885, ""2031"": 8279, ""2032"": 8673, ""2033"": 9067, ""2034"": 9461, ""2035"": 9856, ""2036"": 10250, ""2037"": 10644, ""2038"": 11038, ""2039"": 11433, ""2040"": 11827, ""2041"": 12221, ""2042"": 12615, ""2043"": 13010, ""2044"": 13404, ""2045"": 13798}",local_heating,energy-yellow,
95c0c013-7789-44eb-bc48-9daf778b13f4,Värmepumpar i lokaler,/assets/images/transition-elements-icons/heat_pumps_in_non_residential_commercial_buildings.svg,5,,,,0.177,0,Möjlig utsläppsminskning,False,False,65.0,"Omställningen innebär att oljepannor byts ut till någon typ av värmepump, exempelvis luftvärmepump eller bergvärmepump.",,custom,5,heat_pumps_in_non_residential_commercial_buildings,Konvertering till värmepump,energy,True,,Antal konverterade oljepannor,"{""2010"": 0, ""2020"": 0, ""2021"": 0, ""2045"": 0.177}","{""2020"": 0.163, ""2021"": 0.177}","{""2010"": 0, ""2011"": 8011, ""2012"": 5874, ""2013"": 5880, ""2014"": 11920, ""2016"": 17278, ""2018"": 17934, ""2019"": 18354}","{""2010"": 0, ""2011"": 788, ""2012"": 1577, ""2013"": 2365, ""2014"": 3154, ""2015"": 3942, ""2016"": 4731, ""2017"": 5519, ""2018"": 6308, ""2019"": 7096, ""2020"": 7885, ""2021"": 8673, ""2022"": 9461, ""2023"": 10250, ""2024"": 11038, ""2025"": 11827, ""2026"": 12615, ""2027"": 13404, ""2028"": 14192, ""2029"": 14981, ""2030"": 15769, ""2031"": 16558, ""2032"": 17346, ""2033"": 18134, ""2034"": 18923, ""2035"": 19711, ""2036"": 20500, ""2037"": 21288, ""2038"": 22077, ""2039"": 22865, ""2040"": 23654, ""2041"": 24442, ""2042"": 25231, ""2043"": 26019, ""2044"": 26808, ""2045"": 27596}",local_heating,energy-yellow,
28105d6c-e7e0-4f15-a6fc-a2f8893237ac,Byte till fjärrvärme i alla byggnader,/assets/images/transition-elements-icons/shift_to_district_heating_in_buildings.svg,5,,,,0.177,0,Möjlig utsläppsminskning,False,False,97.0,"Omställningen innebär att oljepannor ersätts med fjärrvärme. Fjärrvärme har generellt sett liten klimatpåverkan och i den här lösningen antar vi att utsläppsminskningen vid byte till fjärrvärme blir 100 procent. Detta eftersom utsläppet inte längre sker i huset, utan i den anläggning där fjärrvärmen produceras.",,custom,5,shift_to_district_heating_in_buildings,Konvertering till fjärrvärme,energy,True,,Antal konverterade oljepannor,"{""2010"": 0, ""2020"": 0, ""2021"": 0, ""2045"": 0.177}","{""2020"": 0.163, ""2021"": 0.177}","{""2010"": 0, ""2011"": 8011, ""2012"": 5874, ""2013"": 5880, ""2014"": 11920, ""2016"": 17278, ""2018"": 17934, ""2019"": 18354}","{""2010"": 0, ""2011"": 788, ""2012"": 1577, ""2013"": 2365, ""2014"": 3154, ""2015"": 3942, ""2016"": 4731, ""2017"": 5519, ""2018"": 6308, ""2019"": 7096, ""2020"": 7885, ""2021"": 8673, ""2022"": 9461, ""2023"": 10250, ""2024"": 11038, ""2025"": 11827, ""2026"": 12615, ""2027"": 13404, ""2028"": 14192, ""2029"": 14981, ""2030"": 15769, ""2031"": 16558, ""2032"": 17346, ""2033"": 18134, ""2034"": 18923, ""2035"": 19711, ""2036"": 20500, ""2037"": 21288, ""2038"": 22077, ""2039"": 22865, ""2040"": 23654, ""2041"": 24442, ""2042"": 25231, ""2043"": 26019, ""2044"": 26808, ""2045"": 27596}",local_heating,energy-yellow,
2045535a-b005-4be9-bdf2-cf0b49f05732,Ersättning av lösningsmedel,/assets/images/transition-elements-icons/replacing_solvents_with_alternatives.svg,5,,,,0.139,0,Möjlig utsläppsminskning,False,False,72.0,Omställningen innebär att lösningsmedel som ger upphov till växthusgasutsläpp ersätts med andra alternativ som inte ger lika stor växthusgaspåverkan.,,custom,5,replacing_solvents_with_alternatives,,other,True,,,"{""2010"": 0, ""2020"": 0, ""2021"": 0, ""2045"": 0.139}","{""2020"": 0.149, ""2021"": 0.139}",{},{},solvents,,
9b9996af-10c9-474b-a4e6-29a7cb37eac3,Förbättrad energieffektivitet arbetsmaskiner,/assets/images/transition-elements-icons/improved_energy_efficiency_and_hybridisation_of_mobile_machinery.svg,5,,,,0.669,0,Möjlig utsläppsminskning,False,False,73.0,"<p>Omställningen innebär att arbetsmaskiner effektiviseras genom hybridisering, alltså att bränslebaserade system kombineras med elektriska system som ökar effektiviteten och minskar utsläppen.</p>",,custom,5,improved_energy_efficiency_and_hybridisation_of_mobile_machinery,,other,True,,,"{""2010"": 0, ""2020"": 0, ""2021"": 0, ""2045"": 0.669}","{""2020"": 0.644, ""2021"": 0.669}",{},{},machinery,,
86240ee5-ae83-458e-89af-91cc95163b19,Elektrifiering av arbetsmaskiner,/assets/images/transition-elements-icons/electrification_of_mobile_machinery.svg,5,,,,1.004,0,Utsläppsminskningar som behövs,False,False,75.0,<p>Omställningen innebär att bränsledrivna arbetsmaskiner ersätts med eldrivna arbetsmaskiner som är mer effektiva och inte bidrar med några direkta utsläpp av växthusgaser.</p>,,custom,5,electrification_of_mobile_machinery,,other,True,,,"{""2010"": 0, ""2020"": 0, ""2021"": 0, ""2045"": 1.004}","{""2020"": 0.966, ""2021"": 1.004}",{},{},machinery,,
c90b0061-9323-4080-a788-6866776cdd53,Biodrivmedel för arbetsmaskiner,/assets/images/transition-elements-icons/mobile_machinery_using_biofuels.svg,5,,,,1.674,0,Möjlig utsläppsminskning,False,False,76.0,"Omställningen innebär att fossila drivmedel som används till arbetsmaskiner ersätts med biodrivmedel. Potentialen för det är stor, eftersom det finns biodiesel som kan användas i dieselmotorer utan att några modifieringar är nödvändiga. Biodiesel blandas också in i vanlig diesel för att minska dess klimatpåverkan.",,custom,5,mobile_machinery_using_biofuels,Biodrivmedel i arbetsmaskiner,other,True,,"Biodrivmedel, TWh","{""2010"": 0, ""2020"": 0, ""2021"": 0, ""2045"": 1.674}","{""2020"": 1.61, ""2021"": 1.674}","{""2010"": 0.87, ""2011"": 0.94, ""2012"": 1.27, ""2013"": 1.69, ""2014"": 2.03, ""2015"": 2.4, ""2016"": 2.99, ""2017"": 3.37, ""2018"": 3.61, ""2019"": 3.49}","{""2010"": 0.87, ""2045"": 7.57}",machinery,,
e2df05b7-ba7f-4d02-92f1-bc5246b3be24,Minskade läckage,/assets/images/transition-elements-icons/reduced_leakage.svg,5,,,,0.711,0,Möjlig utsläppsminskning,False,False,77.0,Omställningen innebär att läckaget av växthusgaser från nedbrytning av organiskt avfall minskas. Den främsta utsläppskällan är metan från avfallsdeponier.,,custom,5,reduced_leakage,,other,True,,,"{""2010"": 0, ""2020"": 0, ""2021"": 0, ""2045"": 0.711}","{""2020"": 0.763, ""2021"": 0.711}",{},{},waste,,
38b15848-5fe5-4d0e-8f57-845297a37cce,Effektivare behandling,/assets/images/transition-elements-icons/efficient_treatment_of_sewage_water_and_sludge.svg,5,,,,0.237,0,Möjlig utsläppsminskning,False,False,78.0,Omställningen innebär att metoderna för behandling av avfall blir mer effektiva vilket minskar utsläppen av växthusgaser.,,custom,5,efficient_treatment_of_sewage_water_and_sludge,,other,True,,,"{""2010"": 0, ""2020"": 0, ""2021"": 0, ""2045"": 0.237}","{""2020"": 0.254, ""2021"": 0.237}",{},{},waste,,
d2d78ac8-2b95-403b-a781-d30f68860b0e,Effektivare växtförädling och odlingssystem,/assets/images/transition-elements-icons/increased_effectiveness_by_plant_breeding_and_culturing.svg,5,,,,0.467,0,Möjlig utsläppsminskning,False,False,47.0,"<p>Omställning till effektivare växtförädling och odlingssystem innebär bättre sorter inom växtförädling, ökad bördighet, en god markstruktur, ett effektivare utnyttjande av växtnäring, ett bra utsäde och väl fungerande integrerat växtskydd. Här ingår även minskade produktionsförluster i produktionsledet. Dränering och bevattningslösningar som ger effektivare system kan också ingå. Lösningens potential är en egen uppskattning baserad på ett flertal rapporter, framför allt Lantmännens rapport ""Framtidens jordbruk"".</p>",,custom,5,increased_effectiveness_by_plant_breeding_and_culturing,Effektivare växtförädling,agriculture,True,,,"{""2010"": 0, ""2020"": 0, ""2021"": 0, ""2045"": 0.467}","{""2020"": 0.51, ""2021"": 0.467}",{},{},agricultural_land,,
18b3b22b-3988-4562-8376-0e8675c4ef2c,Minskat lustgasutsläpp genom återvätning,/assets/images/transition-elements-icons/rewetting.svg,5,,,,0.156,0,Möjlig utsläppsminskning,False,False,49.0,"Med återvätning avses en höjning av grundvattennivån på organogena jordar till en nivå där nedbrytning av organiskt material bromsas eller helt upphör. Ofta rör det sig om att återställa dikningsåtgärder som en gång vidtogs för att få tillgång till ny odlingsmark. Effekten av återvätning inkluderar här effekten av minskade utsläpp av lustgas, vilket inkluderas i jordbrukssektorn. Lösningens potential är en egen uppskattning baserad på ett flertal rapporter.",,custom,5,rewetting,,agriculture,True,,,"{""2010"": 0, ""2020"": 0, ""2021"": 0, ""2045"": 0.156}","{""2020"": 0.17, ""2021"": 0.156}",{},{},agricultural_land,,
715e6114-3a60-4214-ae95-f5ebbcb88446,CCS: koldioxidfångare,https://climateview-assets.azureedge.net/transition-element-assets/icons/ccs_ccu_for_refineries.svg,5,,,,1.2,0,Möjlig utsläppsminskning,False,False,35.0,"<p>Carbon Capture and Storage (CCS) är en teknik där koldioxid från större punktutsläpp av koldioxid, exempelvis i kolkraftverk, gaskraftverk, stålverk och cementindustrier, avskiljs från rökgaser och lagras i geologiska formationer djupt under markytan eller havsbottnen. En utmaning i nuläget är att få till den infrastruktur som krävs för att kunna transportera och lagra koldioxiden på ett bra sätt. </p><br><p>Potentialbedömningen kommer från Preems hållbarhetsredovisning för 2021.</p>",,custom,5,ccs_ccu_for_refineries,CCS raffinaderi,industry,True,,"Infångad och lagrad koldioxid, ton","{""2010"": 0, ""2020"": 0, ""2021"": 0, ""2024"": 0, ""2025"": 0.4, ""2026"": 0.4, ""2027"": 0.9, ""2028"": 0.9, ""2029"": 0.9, ""2030"": 1.2, ""2045"": 1.2}","{""2020"": 0.6, ""2021"": 1.2}","{""2010"": 0, ""2011"": 0, ""2012"": 0, ""2013"": 0, ""2014"": 0, ""2015"": 0, ""2016"": 0, ""2017"": 0, ""2018"": 0, ""2019"": 0, ""2020"": 0, ""2021"": 0}","{""2020"": 0, ""2024"": 0, ""2025"": 400000, ""2026"": 400000, ""2027"": 900000, ""2028"": 900000, ""2029"": 900000, ""2030"": 1200000, ""2045"": 1200000}",refineries,,
e576a22d-538b-4d71-8d22-29935fcca09b,Kvarvarande utsläpp,/assets/images/transition-elements-icons/default.svg,5,,,,0.0,0,,False,True,,"Här finns det kvarvarande utsläpp där vi i dagsläget saknar tillräckliga omställningar för att få ner utsläppen till noll. Klimatmålet till 2045 är utformat så att det är möjligt att använda kompletterande åtgärder för upp till 15 procent av 1990 års utsläpp. Om det inte visar sig vara möjligt att få ner alla utsläpp till noll är det alltså ändå möjligt att nå målet, exempelvis genom att öka inbindning av kol i mark eller att fånga in och lagra biogen koldioxid från exempelvis pappers- och massabruk.",,custom,0,,Kvarvarande utsläpp,industry,True,,,"{""2010"": 0, ""2020"": 0, ""2021"": 0, ""2045"": 0}","{""2020"": 0.33, ""2021"": 0.335}",{},{},,,
b61ae7e0-6b0b-4ecd-88eb-e853f292f714,Minskad användning av lösningsmedel,/assets/images/transition-elements-icons/reduced_use_of_solvents.svg,5,,,,0.326,0,Möjlig utsläppsminskning,False,False,71.0,"Omställningen innebär att övrig produktanvändning som ger upphov till växthusgasutsläpp ersätts med andra produkter vilket minskar växthusgasutsläppen. Exempel på övriga produkter är paraffin, smörjmedel, fyrverkerier och tobaksrökning.",,custom,5,reduced_use_of_solvents,Minskad användning av lösningsmedel,other,True,,"Utsläppsminskning, kton","{""2010"": 0, ""2020"": 0, ""2021"": 0, ""2045"": 0.326}","{""2020"": 0.348, ""2021"": 0.326}","{""2010"": 0, ""2011"": -7, ""2012"": -18, ""2013"": -11, ""2014"": -18, ""2015"": -26, ""2016"": -15, ""2017"": -17, ""2018"": 3, ""2019"": 3}","{""2010"": 0, ""2045"": 142}",solvents,,
63ec76cd-a0e6-4438-bfde-2fdbf87e819f,Ersättning av fluorerade gaser,/assets/images/transition-elements-icons/replacement_of_fluorinated_gases.svg,5,,,,0.79,0,Möjlig utsläppsminskning,False,False,171.0,Omställningen innebär att fluorerade gaser ersätts med gaser som har lägre klimatpåverkan eller ingen klimatpåverkan alls.,,custom,5,replacement_of_fluorinated_gases,Ersättning av fluorerade gaser,other,True,,,"{""2010"": 0, ""2020"": 0, ""2021"": 0, ""2045"": 0.79}","{""2020"": 0.844, ""2021"": 0.79}",{},{},solvents,,
9d4f2ecc-993c-46e7-9671-2f4dfcc936ed,Destruering av fluorerade gaser,/assets/images/transition-elements-icons/destruction_of_fluorinated_gases.svg,5,,,,0.088,0,Möjlig utsläppsminskning,False,False,172.0,<p>Omställningen innebär att fluorerade gaser destrueras i samband med skrotning eller service av produkter så att de inte orsakar någon klimatpåverkan.</p>,,custom,5,destruction_of_fluorinated_gases,,other,True,,,"{""2010"": 0, ""2020"": 0, ""2021"": 0, ""2045"": 0.088}","{""2020"": 0.094, ""2021"": 0.088}",{},{},solvents,,
b251af68-c00f-409e-ae4c-2e9964af258c,Vindkraft,/assets/images/transition-elements-icons/wind_power.svg,5,,,,1.195,0,Möjlig utsläppsminskning,False,False,93.0,<p>Omställningen innebär att vindkraft ersätter el som tidigare har producerats med avfallsförbränning. Utsläppen minskar eftersom vindkraften inte orsakar några direkta utsläpp av växthusgaser.</p>,,custom,5,wind_power,Vindkraft som ersätter avfallsförbränning,energy,True,,"Vindkraftsproduktion, TWh","{""2010"": 0, ""2020"": 0, ""2021"": 0, ""2045"": 1.195}","{""2020"": 1.051, ""2021"": 1.195}","{""2010"": 3.487, ""2011"": 6.108, ""2012"": 7.164, ""2013"": 9.842, ""2014"": 11.234, ""2015"": 16.323, ""2016"": 15.479, ""2017"": 17.609, ""2018"": 16.617, ""2019"": 19.847, ""2020"": 27.53, ""2021"": 27.11, ""2022"": 33.087}","{""2010"": 3.49, ""2011"": 5.89, ""2012"": 8.3, ""2013"": 10.7, ""2014"": 13.11, ""2015"": 15.52, ""2016"": 17.92, ""2017"": 20.33, ""2018"": 22.73, ""2019"": 25.14, ""2020"": 27.54, ""2021"": 29.95, ""2022"": 32.35, ""2023"": 34.76, ""2024"": 37.17, ""2025"": 39.57, ""2026"": 41.98, ""2027"": 44.38, ""2028"": 46.79, ""2029"": 49.19, ""2030"": 51.6, ""2031"": 54.01, ""2032"": 56.41, ""2033"": 58.82, ""2034"": 61.22, ""2035"": 63.63, ""2036"": 66.03, ""2037"": 68.44, ""2038"": 70.85, ""2039"": 73.25, ""2040"": 75.66, ""2041"": 78.06, ""2042"": 80.47, ""2043"": 82.87, ""2044"": 85.28, ""2045"": 87.68}",electricity_and_district_heating,energy-yellow,
c69104a5-5e6a-4f24-8cd6-90dd42a3d5b5,Övergång från flyg till tåg,/assets/images/transition-elements-icons/shift_from_passenger_air_transport_to_railway.svg,5,,,,0.023,0,Möjlig utsläppsminskning,False,False,178.0,Inrikes persontransporter med flyg kan i många fall ersättas med tåg.,,custom,5,shift_from_passenger_air_transport_to_railway,Andel persontransporter med tåg,transport,True,,"Andel järnvägstransporter, %","{""2010"": 0, ""2020"": 0, ""2021"": 0, ""2045"": 0.023}","{""2020"": 0.024, ""2021"": 0.023}","{""2010"": 9, ""2011"": 9, ""2012"": 9.5, ""2013"": 9.5, ""2014"": 9.5, ""2015"": 9.8, ""2016"": 9.6, ""2017"": 9.8, ""2018"": 10, ""2019"": 10.7}","{""2010"": 9, ""2011"": 9.1, ""2012"": 9.3, ""2013"": 9.5, ""2014"": 9.6, ""2015"": 9.8, ""2016"": 10, ""2017"": 10.1, ""2018"": 10.3, ""2019"": 10.4, ""2020"": 10.6, ""2021"": 10.8, ""2022"": 10.9, ""2023"": 11.1, ""2024"": 11.2, ""2025"": 11.4, ""2026"": 11.6, ""2027"": 11.7, ""2028"": 11.9, ""2029"": 12, ""2030"": 12.2, ""2031"": 12.4, ""2032"": 12.6, ""2033"": 12.9, ""2034"": 13.1, ""2035"": 13.3, ""2036"": 13.5, ""2037"": 13.7, ""2038"": 13.9, ""2039"": 14.1, ""2040"": 14.4, ""2041"": 14.6, ""2042"": 14.8, ""2043"": 15, ""2044"": 15.2, ""2045"": 15.4}",other_transport,,
8f3e69ba-6ffd-46ca-a493-b7b627fe0481,Från betong/stål till trästomme i flerbostadshus,/assets/images/transition-elements-icons/low_carbon_construction_of_multi_family_residential_housing.svg,5,,,,0.326,0,Möjlig utsläppsminskning,False,False,79.0,"<p>Genom att bygga stommarna i trä istället för i betong/stål kan utsläpp minskas, både vid produktionen av materialen och genom att man bygger in en kolsänka i byggnaderna.</p>",,custom,5,low_carbon_construction_of_multi_family_residential_housing,Antal nya lägenheter i trähus,industry,True,,Antal nybyggda lägenheter som är trähus,"{""2020"": 0, ""2021"": 0, ""2045"": 0.326}","{""2020"": 0.332, ""2021"": 0.326}","{""2010"": 1047, ""2011"": 882, ""2012"": 1267, ""2013"": 1711, ""2014"": 1691, ""2015"": 2322, ""2016"": 3598, ""2017"": 3937, ""2018"": 2719, ""2019"": 4034, ""2020"": 4110}","{""2010"": 1047, ""2020"": 28052, ""2045"": 95564}",cement_and_concrete,,
1d415104-3947-40e6-bd96-c3d0def3466e,Ökad andel förnybart i bensin,/assets/images/transition-elements-icons/increase_renewable_proportion_in_petrol.svg,5,,,,0.087,0,Möjlig utsläppsminskning,False,False,173.0,"Hållbara biodrivmedel såsom etanol är producerade av biomassa, exempelvis åkergrödor, matavfall eller restprodukter från skogsindustrin. Eftersom biomassan har ackumulerat koldioxid från atmosfären under sin tillväxt räknas utsläppen från biodrivmedel som noll i klimatstatistiken.

Potentialen är angiven utifrån Energimyndighetens kontrollstation för reduktionsplikt fram till 2030, därefter antas en linjär utveckling mot 100 procent förnybar bensin.",,custom,5,increase_renewable_proportion_in_petrol,Andel biodrivmedel,transport,True,,"Andel biodrivmedel, %","{""2010"": 0, ""2020"": 0, ""2021"": 0, ""2030"": 0.03, ""2045"": 0.087}","{""2020"": 0.088, ""2021"": 0.087}","{""2010"": 4.7, ""2011"": 4.7, ""2012"": 4.6, ""2013"": 5.1, ""2014"": 5, ""2015"": 4.9, ""2016"": 5, ""2017"": 5.9, ""2018"": 6.3, ""2019"": 5.1, ""2020"": 6.4, ""2021"": 8}","{""2010"": 4.7, ""2011"": 5.2, ""2012"": 5.7, ""2013"": 6.1, ""2014"": 6.6, ""2015"": 7.1, ""2016"": 7.6, ""2017"": 8.1, ""2018"": 8.6, ""2019"": 9, ""2020"": 9.5, ""2021"": 10, ""2022"": 12.8, ""2023"": 15.6, ""2024"": 18.3, ""2025"": 21.1, ""2026"": 23.9, ""2027"": 26.7, ""2028"": 29.4, ""2029"": 32.2, ""2030"": 35, ""2031"": 39.3, ""2032"": 43.7, ""2033"": 48, ""2034"": 52.3, ""2035"": 56.7, ""2036"": 61, ""2037"": 65.3, ""2038"": 69.7, ""2039"": 74, ""2040"": 78.3, ""2041"": 82.7, ""2042"": 87, ""2043"": 91.3, ""2044"": 95.7, ""2045"": 100}",mobility,,
eb059e10-02b6-4f18-a7ad-bab08d0e6351,Biogas i kommersiella lokaler,/assets/images/transition-elements-icons/shift_to_biogas_heating_of_non_residential_commercial_buildings.svg,5,,,,0.31,0,Möjlig utsläppsminskning,False,False,70.0,Genom att ersätta naturgas  med biogas i gasnätet minskas växthusgasutsläppen då förbränning av biogas gör att metangas från rötningsprocesser inte släpps ut till atmosfären.,,custom,5,shift_to_biogas_heating_of_non_residential_commercial_buildings,Antal konverterade naturgaspannor,energy,True,,Antal konverterade naturgaspannor,"{""2010"": 0, ""2020"": 0, ""2021"": 0, ""2045"": 0.31}","{""2020"": 0.286, ""2021"": 0.31}","{""2010"": 0, ""2011"": 0, ""2012"": -100, ""2013"": 300, ""2014"": 0, ""2016"": 162, ""2018"": 150, ""2019"": 115}","{""2010"": 0, ""2045"": 900}",local_heating,energy-yellow,
cc3d3604-ff91-400b-937d-20aec0fd28bc,Ökad andel kollektivtrafik,https://climateview-assets.azureedge.net/transition-element-assets/icons/default.svg,5,,,,0.809,0,Möjlig utsläppsminskning,False,False,,"<p>En ökad andel kollektivtrafik innebär en överflyttning från personbilstransporter till spårväg, buss och tunnelbana. Det bidrar inte bara till minskad klimatpåverkan utan också ökad till social hållbarhet genom en livfullare och tryggare stadsmiljö med ökad tillgänglighet. Potentialen är baserad på scenario D1 i Trafikverkets rapport Scenarier för att nå klimatmålen.</p>",,custom,5,,Andel resor genom kollektivtrafik,transport,False,,"Andel resor med kollektivtrafik, %","{""2010"": 0, ""2020"": 0, ""2021"": 0, ""2045"": 0.809}","{""2020"": 0.818, ""2021"": 0.809}","{""2010"": 10.26, ""2011"": 10.64, ""2012"": 11.34, ""2013"": 11.2, ""2014"": 11.59, ""2015"": 11.72, ""2016"": 11.54, ""2017"": 11.36, ""2018"": 11.48, ""2019"": 11.72, ""2020"": 8.98, ""2021"": 8.47}","{""2010"": 10.26, ""2030"": 14.38, ""2035"": 15.6, ""2040"": 17, ""2045"": 19.2}",,,
